temperature_2m_max,temperature_2m_min,temperature_2m_mean,rain,precipitation,windom_max,shortwave_radiation_sum,year,month,day,id
24.8,7.6,15.1,0.0,0.0,12.3,20.65,2022,1,1,"70dd86d8-2e5f-4de1-bb6f-a3dd9cf4bd6d"
24.9,5.4,14.6,0.0,0.0,17.0,20.01,2022,1,2,"25b0d197-c65f-44a2-b024-bd89c048021d"
21.8,6.5,12.8,0.0,0.0,18.2,18.23,2022,1,3,"c17cc8a1-e974-4c20-9b12-d2be1ae87248"
24.1,5.6,14.8,0.0,0.0,18.2,20.42,2022,1,4,"eb9f44df-dec0-4c38-a9dd-1906404487d7"
24.9,6.2,15.5,0.0,0.0,23.7,19.99,2022,1,5,"7731c4aa-016d-42b8-9539-51fc70b4072d"
24.4,8.5,15.2,1.5,2.0,17.5,18.55,2022,1,6,"f49d0d17-4ef6-4c50-9f32-74592d922b80"
22.4,8.4,14.9,0.0,0.0,18.6,16.66,2022,1,7,"df5046ba-370a-435c-a316-5a73a9c815a0"
21.0,7.4,13.7,0.8,1.0,18.7,16.94,2022,1,8,"bf004bd7-4785-484a-9145-788120c1a0a5"
22.9,6.5,14.4,0.0,0.0,11.1,17.91,2022,1,9,"3d0efa1d-6bb2-4949-8845-b094ad2dd972"
20.0,6.1,13.2,0.3,2.0,15.6,15.49,2022,1,10,"bf6f9ab8-0048-43a1-a559-678fd81e57cd"
18.3,8.6,13.0,0.1,1.0,14.6,13.65,2022,1,11,"96ff8d81-e704-4bce-897e-f38283890862"
21.1,5.2,12.5,0.0,0.0,15.2,19.77,2022,1,12,"d8e9ee71-1244-47fc-b9c2-c76b6e122b62"
22.2,5.2,13.1,0.0,0.0,18.3,19.56,2022,1,13,"26b82c2f-eca0-4eaf-98a4-26691b616217"
22.2,8.4,14.1,0.0,0.0,17.4,21.73,2022,1,14,"85fe0cf3-53bb-45a4-bd1f-9849467a6ede"
21.6,5.0,13.4,0.0,0.0,17.9,19.45,2022,1,15,"9718da9c-4c37-4108-8065-869fe49d9233"
20.4,6.5,11.6,2.1,4.0,13.7,17.2,2022,1,16,"dd2dec04-e69f-43ec-b19e-dfa1881eb0fb"
20.2,5.3,12.1,1.0,1.0,14.3,17.33,2022,1,17,"29f43a7d-aea3-4754-b260-51d49baef592"
22.0,5.6,13.5,0.0,0.0,22.3,20.93,2022,1,18,"dce12100-21a3-4bb5-884f-9bb5225f737b"
22.3,6.5,14.1,0.0,0.0,21.8,20.43,2022,1,19,"efa24520-8726-44c0-ac60-4a7441c90e35"
22.3,7.4,14.8,0.0,0.0,24.2,18.63,2022,1,20,"ff3166ff-e021-4d52-a327-b26be9d42011"
19.2,8.0,13.7,0.0,0.0,25.5,13.95,2022,1,21,"5bc56ebd-0127-4b59-b8ac-03559d280b61"
21.0,8.2,14.3,0.9,4.0,20.4,19.36,2022,1,22,"b3bec28d-bd27-403d-bfb3-ff5a66065b83"
21.5,6.7,13.2,0.0,0.0,24.8,20.29,2022,1,23,"66af9325-6e2a-4f4e-85d8-21125cf6a949"
19.9,9.4,14.5,0.0,0.0,25.0,18.64,2022,1,24,"143a5963-87b3-4d3c-9ef7-1fb27eea92b6"
21.2,7.0,14.2,0.0,0.0,27.6,21.72,2022,1,25,"68c4a2b7-0a8d-4874-93ba-5a00d0048d06"
22.0,7.6,14.2,0.0,0.0,25.7,22.04,2022,1,26,"d5afed8c-12fe-4479-b0be-a9aff9963701"
23.6,6.7,14.9,0.0,0.0,23.9,21.15,2022,1,27,"b534eec8-2f9d-4475-a086-c9e184b527b3"
23.4,7.8,14.9,0.0,0.0,22.7,21.48,2022,1,28,"521ec7db-01e9-43c3-b6cb-f91df8cc9eb3"
20.8,6.6,12.3,0.1,1.0,22.1,21.02,2022,1,29,"4e1d6ed7-c922-4dc7-ab4d-e026278254cc"
23.9,8.4,15.0,0.0,0.0,18.4,22.23,2022,1,30,"ed1d04be-b952-4181-8e8e-aa892e6c51b0"
23.1,8.6,15.0,0.0,0.0,27.9,20.93,2022,1,31,"6908b490-dee6-4ad3-ab5d-84e227753b53"
22.5,7.3,15.2,0.0,0.0,24.3,22.76,2022,2,1,"5ddb7577-1a5d-4727-b5da-77848351bd9e"
22.5,8.7,15.4,0.0,0.0,27.1,23.01,2022,2,2,"f02e0123-ffde-40ca-a21d-36929223d228"
22.5,7.4,15.2,1.3,3.0,21.9,22.5,2022,2,3,"dcd5ccb3-92cb-430d-9bc9-003cd132c68c"
22.6,7.3,14.9,0.0,0.0,26.0,23.05,2022,2,4,"48ed0e30-e83b-42ac-bcb2-ccbf8e89064e"
21.0,3.8,12.2,0.1,1.0,17.4,21.05,2022,2,5,"70ab7808-f5bc-4fbd-98bd-5e5ed851fc42"
22.9,7.3,14.3,0.1,1.0,20.5,20.75,2022,2,6,"53a41715-a79a-41a6-9868-4884e6c06149"
20.5,7.6,13.3,1.1,2.0,19.8,17.69,2022,2,7,"1723f209-d42c-4c23-86a3-ab145b1c05fc"
19.2,7.3,11.6,7.8,5.0,20.9,20.17,2022,2,8,"befb97e8-8295-4c8f-8b75-c89b4295c7ca"
19.5,5.2,12.0,0.0,0.0,22.1,23.54,2022,2,9,"b394e071-c445-457d-b64a-0425f24c3428"
19.3,7.2,12.5,0.0,0.0,27.2,22.02,2022,2,10,"ed1a590a-6ad2-4c4a-ab29-db35233d1ef7"
20.2,4.7,12.4,0.0,0.0,24.8,24.08,2022,2,11,"cd43bc76-c569-4289-b865-5489529eb2b3"
20.1,9.3,13.9,0.0,0.0,26.6,19.02,2022,2,12,"156b5427-f502-4c4a-a0f8-1ad423d8eca2"
19.5,8.8,12.7,0.1,1.0,21.2,18.1,2022,2,13,"48c2f817-f29f-4b8a-83c4-1481a0cdaaf6"
21.0,4.6,12.0,0.7,3.0,19.0,20.28,2022,2,14,"9f9e1cff-ec57-4de5-82ba-6d5d88b3ec78"
21.2,7.0,13.9,0.0,0.0,15.6,20.69,2022,2,15,"6293b6c2-cc99-4433-8289-daa4899a2a23"
22.6,7.6,15.5,0.0,0.0,16.1,21.63,2022,2,16,"a294c8bc-33c8-45dc-b2a0-f6b9f5a4f064"
24.6,8.5,16.1,0.0,0.0,16.2,24.67,2022,2,17,"dc1388db-5931-44cd-b2fe-9e4b8e181e2d"
25.3,11.1,17.2,0.0,0.0,17.7,24.3,2022,2,18,"ac963f4b-5344-41ac-9dfe-a0c35ca161dd"
24.6,8.4,16.2,0.0,0.0,18.0,23.5,2022,2,19,"597ed58b-2032-40b5-a8a5-986feaecc26a"
24.4,8.5,16.1,0.0,0.0,17.6,24.45,2022,2,20,"402d2804-1281-48b7-9870-c6ee0f81c946"
25.8,8.8,17.1,0.0,0.0,21.7,23.8,2022,2,21,"2e14a4e3-8afe-4a11-96e5-29fc8b910350"
27.8,10.2,17.7,0.0,0.0,15.8,24.23,2022,2,22,"ad80af4f-084f-44b0-8b5a-81e5cecd397d"
29.0,8.8,18.2,0.0,0.0,20.5,25.66,2022,2,23,"80ff5e74-5b60-4267-8985-cea98999c379"
25.2,8.9,16.9,0.0,0.0,23.8,25.12,2022,2,24,"be9825eb-19a4-485b-a873-bda0d60d98d3"
23.7,8.8,16.3,0.0,0.0,23.7,21.45,2022,2,25,"53654f84-87e8-401e-8e1a-4cdd6c82e889"
25.1,8.4,16.8,0.0,0.0,13.5,22.9,2022,2,26,"ddf5cbe7-bb24-4ed3-b81a-4f1ced02bf7f"
25.8,7.6,16.8,0.0,0.0,22.7,26.52,2022,2,27,"d9baa271-72c9-438d-b11d-a8217b77c80b"
24.7,5.8,14.8,0.0,0.0,22.2,26.83,2022,2,28,"53bc3104-0ef7-4793-91ba-e96b17c67c9e"
26.5,8.7,16.3,0.0,0.0,21.7,26.75,2022,3,1,"a431127b-31ed-47ff-b811-48e5684524d2"
25.9,9.9,16.8,0.0,0.0,27.6,27.04,2022,3,2,"14d0f38a-97a1-4448-ba2e-79046f6623da"
25.0,7.7,16.3,0.0,0.0,29.6,25.81,2022,3,3,"56ef7a14-fbfb-4be2-b4fb-9c510fa32965"
26.5,8.7,16.3,0.0,0.0,21.7,26.75,2022,3,1,"58089467-94f9-4eb1-bda1-472b6b06c06b"
25.9,9.9,16.8,0.0,0.0,27.6,27.04,2022,3,2,"8fcfeb97-4278-4e35-9a51-384b6a0f6f82"
25.0,7.7,16.3,0.0,0.0,29.6,25.81,2022,3,3,"9890bcaa-919a-45a6-8b88-6a8c63b1f8a5"
24.8,8.4,16.5,0.0,0.0,25.0,25.33,2022,3,4,"1bebe158-36d3-4d28-9953-676802b4e29f"
25.6,9.4,17.6,0.0,0.0,20.9,25.17,2022,3,5,"121772cc-ec6f-4bd8-9a8d-a55c62a760b5"
25.3,10.8,17.9,0.0,0.0,22.2,23.25,2022,3,6,"4633f100-6cef-4209-a7c8-38bba96b7b4d"
25.2,10.3,18.0,0.0,0.0,14.2,20.65,2022,3,7,"c99da347-a382-4c1e-b475-81b013e55fbe"
24.8,11.8,17.9,0.0,0.0,24.4,25.03,2022,3,8,"30c81568-7132-4ce4-ad59-0a193689b851"
25.6,11.3,17.9,0.0,0.0,27.7,27.28,2022,3,9,"54ef6678-f4ff-4ec5-aa45-1f633dec373e"
25.4,11.6,17.8,0.0,0.0,28.9,27.73,2022,3,10,"a17022e3-0b01-41fe-8227-3f993fbfecf0"
25.7,8.4,17.7,0.0,0.0,28.5,27.75,2022,3,11,"f319847c-f763-4891-a2d5-2cfa4a87c34e"
25.6,7.1,14.9,0.0,0.0,25.5,27.23,2022,3,12,"fcae1014-2a69-49d9-bce7-8267e924cd3f"
25.0,5.8,15.3,0.0,0.0,25.5,26.18,2022,3,13,"d7523322-ca7f-4d9b-8150-2f5d308bf9a3"
26.9,10.0,18.1,0.0,0.0,22.9,25.45,2022,3,14,"7d2aab63-5262-4cea-8ef8-72383b27af85"
25.8,11.8,16.7,1.7,3.0,18.8,20.99,2022,3,15,"a13f9e27-a2a0-476e-baf9-f8c52a70c13a"
24.7,9.6,16.0,1.2,5.0,17.4,25.25,2022,3,16,"14abb73b-f510-48d3-a231-03677826936c"
23.2,9.7,16.8,4.1,3.0,20.9,24.62,2022,3,17,"17fb3388-09de-4c87-be2c-6f32da9f7618"
25.1,11.0,18.0,0.0,0.0,22.1,25.2,2022,3,18,"9c731120-417d-4de9-86cf-fef7a121bb41"
24.9,11.7,17.7,0.0,0.0,18.0,25.68,2022,3,19,"e528d02e-6165-4a98-a68b-f1a4aaa93732"
24.9,9.2,16.7,0.1,1.0,14.8,23.8,2022,3,20,"e025258b-6eca-4390-ad03-db151d508ed6"
25.8,11.0,18.2,0.0,0.0,16.6,26.36,2022,3,21,"9e0ca6c5-bc68-4b88-b1d6-a74cf2603813"
25.7,9.6,17.8,0.0,0.0,19.9,25.44,2022,3,22,"c3d7bdac-6edd-494c-8b91-5cbd1212457a"
25.8,9.8,18.1,0.0,0.0,25.3,28.74,2022,3,23,"3ac5f951-ab79-4d96-9cb0-d5283f905215"
25.1,8.9,16.7,0.0,0.0,24.9,29.0,2022,3,24,"bc65a32c-08e8-4d9b-be3d-e02b4f3ac239"
25.1,7.6,15.9,0.0,0.0,23.2,27.72,2022,3,25,"1ae30b4b-a00c-4c54-89c9-896b90be425a"
25.0,7.5,16.0,0.0,0.0,24.4,28.63,2022,3,26,"64c525e2-c998-4e69-b478-3145c5379734"
26.2,7.1,16.5,0.0,0.0,25.5,28.81,2022,3,27,"16e6f545-de38-4b7a-8414-7f214db8819a"
27.5,9.1,17.6,0.0,0.0,24.7,28.99,2022,3,28,"4212c8f7-c939-4227-a295-770ab7f1582d"
28.0,12.0,19.4,0.0,0.0,29.4,28.06,2022,3,29,"a0ec88cf-dcde-4b69-8440-e18f72fa933f"
28.4,12.8,20.4,0.0,0.0,27.3,29.04,2022,3,30,"dd5dcdd2-02e3-494d-9c84-8f8883dc3618"
28.2,12.5,20.1,0.0,0.0,26.2,29.26,2022,3,31,"238f0c9d-b6bd-4674-8f83-ee7e16ce8c07"
27.7,11.5,19.9,0.0,0.0,28.5,28.91,2022,4,1,"4a05e302-26a4-47cb-8b7d-1297f1a11d05"
30.2,12.1,20.8,0.0,0.0,32.6,26.97,2022,4,2,"b2dfaffd-5aa0-4547-97ac-daf28b243241"
30.1,12.9,20.6,0.0,0.0,21.4,27.8,2022,4,3,"7e1df722-c6f2-42a0-88e0-240e0356fe5c"
27.8,14.2,20.5,0.0,0.0,26.1,28.4,2022,4,4,"64972838-184a-4c66-b951-7292514a9aea"
28.1,12.0,19.9,0.0,0.0,26.9,29.41,2022,4,5,"12b9e800-ba66-47c3-a432-1b69bbd125c2"
29.1,11.3,19.7,0.0,0.0,24.3,29.22,2022,4,6,"22f9217e-d539-477d-904c-5a528a521d14"
27.3,12.3,18.3,0.2,2.0,19.7,26.49,2022,4,7,"69c45b05-ef2b-42e7-a9ee-b92206a69335"
22.4,9.0,14.8,2.0,4.0,15.9,22.75,2022,4,8,"e292ed31-d310-41d9-8581-70aefc8ad6ca"
24.3,8.1,15.1,3.2,5.0,16.6,22.19,2022,4,9,"01927d22-4606-4bbe-b257-676bbf305b8c"
25.6,9.8,17.9,0.1,1.0,15.8,26.0,2022,4,10,"1b72058a-2abe-460b-8f8b-2d65993f3d19"
27.0,11.8,19.2,0.0,0.0,20.3,27.33,2022,4,11,"b952770e-0074-43b4-a93e-0bfe1037f029"
26.5,12.3,19.4,0.0,0.0,18.3,24.82,2022,4,12,"d96a8382-139e-4be1-9568-69a5502fea6a"
27.3,12.4,20.4,0.0,0.0,18.4,26.22,2022,4,13,"478c9103-5f19-49a9-b854-f385a2b5f2bf"
28.4,14.9,21.1,0.1,1.0,26.4,23.99,2022,4,14,"aa52d77e-8064-4e90-9f81-a8e7ea91e30c"
29.4,15.4,20.9,0.2,2.0,20.0,22.63,2022,4,15,"049bea08-d6ab-402d-b52c-5f5861f8531d"
29.9,15.2,22.0,0.1,1.0,19.3,24.98,2022,4,16,"74936e18-d8cc-46d5-82e2-9097e7c6a24c"
31.2,13.5,22.1,0.0,0.0,18.7,29.47,2022,4,17,"dc1d0871-c53e-4cfd-8a0e-7816da994fdf"
29.8,13.7,21.5,0.1,1.0,16.8,26.67,2022,4,18,"2aaa3cd9-2a9b-44c0-b680-0a6546da23e9"
26.7,13.1,18.1,8.1,3.0,23.7,21.43,2022,4,19,"ff173dd0-ecc5-4af5-9728-9deae379d728"
28.2,11.4,19.3,1.3,3.0,29.3,28.09,2022,4,20,"c866ff38-f93f-4a8b-9a62-c34dfa86fe29"
27.5,11.6,18.8,2.4,3.0,24.2,25.97,2022,4,21,"4117aefc-e6a7-4acb-b85a-a369dbf8879c"
25.7,10.4,17.5,0.1,1.0,20.2,27.48,2022,4,22,"17aff88d-691e-49d0-970e-f1dbd3790087"
26.1,10.0,18.2,0.4,3.0,24.2,27.41,2022,4,23,"9600c92a-7232-429a-830f-a439f11f2a3b"
28.4,11.7,18.6,0.3,2.0,24.6,26.29,2022,4,24,"13eda6d5-2ad3-48ae-9dbd-c94357d439ad"
27.7,10.7,18.8,0.1,1.0,20.5,26.4,2022,4,25,"242d12f5-7919-4db9-b464-e43f2a622069"
24.2,11.6,16.6,1.3,7.0,14.9,22.09,2022,4,26,"a379c916-ca9d-4a47-a9a7-c314acae9396"
24.1,9.1,16.1,0.0,0.0,21.2,26.07,2022,4,27,"a2f43b3d-0ea2-4c41-a3fb-3bfcd5e50e55"
25.4,10.2,18.1,0.0,0.0,21.6,27.11,2022,4,28,"51364881-bf3f-4670-9e10-70e298aedfee"
27.3,11.9,19.2,0.1,1.0,21.7,26.45,2022,4,29,"f4b6d8d7-dc02-422a-9b99-a4599b0c962c"
25.8,11.5,19.9,0.2,2.0,21.3,26.73,2022,4,30,"f9449c01-5413-410d-b1b8-bf17db727207"
26.2,15.0,20.5,0.0,0.0,19.7,22.47,2022,5,1,"7749a8c0-e845-4bcc-820e-d1e34ad489ad"
26.2,15.0,20.5,0.0,0.0,19.7,22.47,2022,5,1,"d1f93d01-b7de-4b5a-95e2-78775c53e575"
29.6,13.1,21.0,0.0,0.0,24.3,27.94,2022,5,2,"93a3dcb6-23d2-464b-a157-89fe3d4b59c7"
29.4,13.9,21.4,0.0,0.0,19.1,25.65,2022,5,3,"54d82fbd-3ad5-48bc-8733-d4833735566a"
28.2,13.7,20.9,0.1,1.0,24.3,22.88,2022,5,4,"c97fd292-7f94-4ea2-8cb4-3bd6d1ad7a11"
29.8,13.3,21.8,0.7,2.0,16.8,26.05,2022,5,5,"91b32e74-e3b5-4615-8b62-db3a2a190012"
30.1,13.6,20.6,0.4,2.0,37.8,21.66,2022,5,6,"70cedd42-c69c-45fb-9d9f-852b5d7565a2"
28.6,12.1,21.1,0.0,0.0,24.6,26.56,2022,5,7,"f88e575c-8a77-48a4-bb05-ec9500759a66"
30.1,14.4,21.4,0.4,1.0,21.9,25.02,2022,5,8,"a97aedf0-b49f-40b3-8b06-d7e0346080ab"
31.3,12.1,21.5,0.1,1.0,21.5,26.49,2022,5,9,"496678b2-d301-4858-b073-00fa4962294b"
32.2,11.8,21.4,0.0,0.0,24.1,28.97,2022,5,10,"d957e08e-2783-47a2-be89-7a65244c962c"
27.8,13.0,19.6,0.1,1.0,23.5,27.57,2022,5,11,"724b11f7-5cac-4ced-91cd-3953052faa71"
29.4,9.4,18.4,0.0,0.0,26.7,30.23,2022,5,12,"654b5e3d-2d10-4026-9ffb-a0d8705c74ad"
29.0,11.7,20.0,0.0,0.0,19.2,29.87,2022,5,13,"abe1b1fa-3476-4dbb-ae2f-2831457ead36"
29.5,11.8,20.1,0.0,0.0,28.5,28.18,2022,5,14,"cd9f7953-1ff0-4469-b66d-71eff2931498"
29.3,11.6,19.7,0.0,0.0,26.7,27.18,2022,5,15,"63328e47-5d39-4901-9b9c-486b4157b87e"
28.5,9.0,18.9,0.0,0.0,16.8,31.19,2022,5,16,"8ba93173-dff5-4cee-b003-9514c5687209"
29.0,11.8,19.9,0.0,0.0,20.1,30.41,2022,5,17,"c9490c86-055e-4261-b094-541b480ed57b"
30.2,12.3,21.0,0.0,0.0,24.2,29.04,2022,5,18,"68158bc6-1111-48e9-91a3-6068a5098a30"
30.5,13.2,21.8,0.0,0.0,23.3,27.42,2022,5,19,"db94858c-26e0-4e4d-bd55-9083076074d5"
30.3,14.5,22.1,0.1,1.0,19.7,28.44,2022,5,20,"15134c8f-5232-4583-a254-6fad1d54eda6"
30.6,15.6,22.7,0.3,1.0,19.9,26.51,2022,5,21,"6b4d6b07-189f-487a-9983-160514c3365e"
28.9,14.8,20.4,0.9,4.0,31.7,23.78,2022,5,22,"2d0073dd-e09c-46d9-b95e-3973434b5460"
26.3,14.1,18.7,14.5,8.0,23.8,22.51,2022,5,23,"77a2bda7-1a12-420b-b072-bd13cdc6b039"
27.2,12.4,18.9,2.2,4.0,19.2,23.86,2022,5,24,"48691f82-78dc-4473-a5cb-41e8b5ffd395"
28.3,11.7,20.4,0.0,0.0,15.9,26.91,2022,5,25,"cef8593c-58ee-4aa1-a29e-65a83878ca02"
29.2,11.9,20.6,0.0,0.0,15.7,26.77,2022,5,26,"1bd20258-3ac3-458f-8b06-c21457d7b05a"
28.9,11.8,19.9,0.0,0.0,16.2,29.78,2022,5,27,"2537b00c-4c74-4102-88ec-f587d25b301c"
29.0,10.7,19.0,0.0,0.0,21.8,26.52,2022,5,28,"972cda59-420a-4a1a-ac95-1d0d3059b553"
27.0,12.3,19.4,0.0,0.0,26.4,25.53,2022,5,29,"8b01f257-3bcd-42e2-a79f-34658b3a285a"
28.3,12.3,19.4,0.0,0.0,21.3,23.54,2022,5,30,"4af0fb76-b075-4c9d-a002-a3e6578c6fec"
27.2,12.4,18.5,0.8,1.0,22.3,23.25,2022,5,31,"bcfd519e-78a6-438c-90aa-95658ac56eb7"
27.5,11.9,18.9,0.6,5.0,18.8,26.09,2022,6,1,"2e3a5feb-48b4-481a-a49c-590c9ae1b37b"
25.0,11.5,18.1,0.3,3.0,17.3,24.55,2022,6,2,"1d5ed588-c2b2-44f6-94f2-de8804837141"
27.5,10.7,19.0,0.0,0.0,16.2,30.33,2022,6,3,"cb8ad825-141c-4940-85f7-d0520af4eb4d"
29.5,13.1,19.9,0.0,0.0,17.3,27.05,2022,6,4,"2289ece3-8e2a-46c9-a220-4a3109bc676c"
29.1,12.5,19.8,0.0,0.0,26.1,25.39,2022,6,5,"1d73b375-c079-4361-9644-14a405263869"
29.8,13.5,20.6,0.0,0.0,26.0,27.37,2022,6,6,"e1054f10-bf59-45f7-b0f0-50d1ea201b48"
28.3,12.4,19.7,3.9,1.0,31.1,29.35,2022,6,7,"1d4e2ee3-5444-4d64-aac0-28eaf3ea0864"
25.2,12.9,18.3,8.8,6.0,20.3,23.96,2022,6,8,"087b6ebe-10ad-4829-afb0-5fde91081b2a"
21.8,13.0,16.6,7.2,7.0,14.8,20.01,2022,6,9,"e45386c1-9b9a-4ec0-b1fe-04ddace9ef3b"
23.5,12.1,17.3,2.5,4.0,17.6,24.72,2022,6,10,"09e3cf6d-cc98-4c7e-95d5-7e039cdcf67a"
24.9,10.9,17.6,0.2,1.0,9.8,25.55,2022,6,11,"0c3bebb8-8070-431f-93be-3a7e088de4ca"
24.6,10.7,16.8,2.8,2.0,21.9,24.59,2022,6,12,"126294a4-a4b3-435e-8067-dd20f42302d7"
22.5,10.3,16.5,2.0,2.0,21.9,23.54,2022,6,13,"17a0db78-9410-4fc5-9bbd-c00ad663650d"
24.0,13.0,16.8,11.7,8.0,14.4,18.98,2022,6,14,"f0ece6fc-3472-4d1c-8127-b951dbbd5941"
23.7,12.5,16.6,5.2,13.0,12.6,18.98,2022,6,15,"ad1a37a7-860c-4651-bc29-a022827a6043"
23.1,10.8,16.2,0.2,2.0,17.9,21.3,2022,6,16,"2ba2fc81-f131-43f0-bf0e-cb62c4525015"
23.4,9.8,15.8,1.3,7.0,15.9,25.33,2022,6,17,"5fa3c99a-7697-4c97-b17c-8931636d3938"
23.3,12.0,16.4,2.2,6.0,15.8,21.39,2022,6,18,"7ddc6a1f-9a24-45d5-befb-d9771006f47a"
23.2,12.3,15.9,19.2,16.0,15.5,20.16,2022,6,19,"01a7b6dd-2fde-4dc1-8fc7-2e16915630cf"
25.3,10.2,16.9,3.8,7.0,16.9,26.71,2022,6,20,"30956857-11d2-49ad-a94a-7b096faf3a7a"
23.2,13.6,17.7,3.9,8.0,17.3,21.83,2022,6,21,"4df94db3-0aee-4617-804f-bc9cc8058ca7"
20.8,12.7,15.7,21.2,16.0,12.8,16.64,2022,6,22,"4418a22e-c475-4469-972b-10332284ee95"
20.4,11.4,15.6,0.1,1.0,20.1,23.75,2022,6,23,"a984442d-5393-4b10-ba7d-f6db14320431"
21.3,9.6,15.2,0.3,1.0,21.3,22.14,2022,6,24,"170976c3-91eb-42be-a7d0-fb2129d2bf52"
20.9,11.2,15.6,7.9,8.0,12.7,20.2,2022,6,25,"8e7c5dfe-398f-4d94-96a4-76f433ef1163"
24.1,10.2,16.8,1.5,5.0,11.3,26.14,2022,6,26,"0bd316cb-8138-47d9-88ad-94704f623a5d"
20.8,11.0,15.6,22.4,12.0,15.1,21.2,2022,6,27,"7b70e192-c0ba-4aa8-b08c-56b92828d2d6"
20.4,12.9,15.9,3.4,9.0,12.4,19.92,2022,6,28,"484a4fe4-e603-4d82-97fb-10edc36a36ff"
24.1,13.0,17.0,4.2,6.0,14.4,25.06,2022,6,29,"eb9ab43a-fd18-4cd7-804b-3bf522f8d792"
23.5,11.1,17.1,0.2,2.0,13.0,26.66,2022,6,30,"4561d351-e905-4280-8c60-ffbde88c26ce"
21.2,11.6,16.8,3.4,2.0,10.0,21.6,2022,7,1,"4283f4f2-1358-4468-80f2-ca34911c86df"
21.2,11.6,16.8,3.4,2.0,10.0,21.6,2022,7,1,"5c254560-6091-457b-84b6-cb151cebff05"
23.2,10.8,17.0,0.4,2.0,12.8,24.19,2022,7,2,"7c7dd9fe-a891-44c0-bbbf-0ab10478456d"
24.8,12.8,18.3,0.3,3.0,16.2,27.71,2022,7,3,"4e50e197-7e17-48ee-8f6e-887163d03b15"
22.8,11.5,16.9,2.3,5.0,15.5,21.26,2022,7,4,"5d264887-feee-41ba-99ec-b141d6ec98ec"
21.5,11.2,16.3,3.8,4.0,14.3,21.46,2022,7,5,"9e74550e-a80c-42cd-a8a6-bba952cea347"
24.3,11.0,16.8,5.4,4.0,15.7,26.96,2022,7,6,"8f912082-af95-4ebd-a270-630d8a33cc54"
21.0,11.6,16.0,8.7,10.0,12.0,18.72,2022,7,7,"8be818f1-5b37-4e6d-9902-6ec606e0311a"
23.6,11.0,16.6,12.4,10.0,12.6,24.4,2022,7,8,"c3dd818c-39e9-459e-b63b-11f3010d83dc"
23.6,11.6,16.1,6.4,10.0,17.0,22.85,2022,7,9,"bf77a794-d5a4-45be-912f-4b49b8fffbfe"
22.8,12.2,17.2,0.1,1.0,11.3,25.2,2022,7,10,"87b5e1dd-cd56-4cc2-bf17-8f73eebd0810"
23.1,12.0,17.0,0.4,2.0,15.0,21.61,2022,7,11,"af61ee34-04c2-4d1b-94fa-e1715c03a7c7"
25.1,10.5,18.0,0.3,2.0,14.2,25.99,2022,7,12,"a309b394-e017-443a-ace4-8a4b4b2d56f6"
24.0,11.0,17.2,18.7,6.0,8.5,25.55,2022,7,13,"8450f5bc-20af-45de-8a4f-23820a813853"
24.0,13.5,17.4,9.3,9.0,14.3,22.67,2022,7,14,"d599ad0c-7f24-4b6e-a698-69c0cfc5f6ff"
20.7,12.5,16.1,2.3,12.0,12.7,18.01,2022,7,15,"23a53e9e-5068-4452-b825-c399a77043f2"
20.6,12.5,15.9,11.6,9.0,17.4,20.09,2022,7,16,"b241d94e-112b-45e5-9f95-11e95cf9eea6"
19.9,10.7,15.2,7.4,4.0,14.0,21.02,2022,7,17,"833b9b27-f128-4226-8cb2-505817f3fad5"
20.9,12.1,15.4,3.6,1.0,9.2,19.61,2022,7,18,"369a3829-2898-4f53-8e3f-039b92e33a97"
24.1,9.6,16.9,0.0,0.0,19.5,25.26,2022,7,19,"bb738366-6ba9-44ae-9d92-7fb49fca599a"
26.8,12.3,18.4,0.0,0.0,13.2,25.83,2022,7,20,"2ee6aa76-93ad-4947-9b18-8af2b69794ce"
27.6,11.4,18.4,0.0,0.0,22.4,29.48,2022,7,21,"eaecba4f-d77a-49f2-935c-7dab6ac1788b"
26.4,10.2,17.7,0.7,3.0,14.8,26.38,2022,7,22,"24778b9c-651a-4cd1-9131-28557c025e0c"
23.1,10.4,17.0,3.6,8.0,11.9,24.81,2022,7,23,"b5526914-d3cc-4f82-a2db-f05d34238733"
22.5,11.6,16.6,13.6,8.0,11.2,21.87,2022,7,24,"6fafe52c-445f-42f1-8c04-79935ba7cb45"
21.3,12.5,15.9,8.1,9.0,15.1,17.66,2022,7,25,"8a56fcc5-b5a6-4851-a63b-046002df73b1"
23.9,11.5,17.0,0.4,3.0,17.6,26.35,2022,7,26,"415b7c01-6769-4bf8-9514-68d723115325"
21.8,11.1,16.0,4.9,3.0,20.0,21.65,2022,7,27,"8b522c6e-014d-4475-9702-1a954ce17b61"
22.6,10.5,15.9,0.6,5.0,17.8,23.01,2022,7,28,"ef266085-6b15-42c2-a0fd-a6b5963c857d"
20.2,12.3,15.6,10.2,9.0,14.9,17.89,2022,7,29,"e921f0d1-f681-4b4d-9a4b-7f5c93c620cb"
23.5,11.4,16.9,1.7,2.0,11.0,24.87,2022,7,30,"98487ada-3018-458f-bff4-d55f0856e0e3"
21.4,11.6,15.6,5.9,5.0,19.4,23.64,2022,7,31,"df1ec921-a3aa-43d8-92d0-f41cb789a4a4"
20.6,11.7,15.7,0.5,5.0,14.2,17.4,2022,8,1,"03b6600b-fb7c-4b45-8fc5-537e07e48572"
23.5,11.7,16.6,6.8,2.0,12.2,22.23,2022,8,2,"a463a56a-cf52-4d6f-87a3-40a3832fb159"
23.7,10.3,17.1,0.4,3.0,14.0,26.21,2022,8,3,"65c34ae7-62f7-4620-a718-09277e40cc82"
24.6,10.7,17.3,0.4,4.0,17.5,26.45,2022,8,4,"9f784a51-9afe-46e3-b28e-fd8ff8de6873"
26.0,10.7,18.0,0.0,0.0,17.3,27.61,2022,8,5,"0a74a08b-2c7e-40be-84f2-ade8692facd0"
24.9,12.1,17.9,0.0,0.0,12.8,27.26,2022,8,6,"cb385425-e4b5-4b83-9ade-8c19466585aa"
23.9,12.1,16.3,9.8,6.0,15.6,21.65,2022,8,7,"200a5a69-ea93-4f79-865b-d302144e5b13"
23.1,11.8,15.7,10.6,7.0,18.0,22.04,2022,8,8,"28b3125b-6884-4bd2-8f4d-5a6cd2ceb659"
21.5,10.9,15.5,8.0,9.0,13.0,19.26,2022,8,9,"6fe43ee4-68d2-424b-b4b5-d4ba26a5dc29"
22.1,12.7,16.8,0.8,5.0,13.4,23.31,2022,8,10,"069f9b08-6c77-4a4c-b200-8476bf7dd129"
24.3,11.8,17.4,0.8,5.0,15.4,23.59,2022,8,11,"9bdccd54-ec0c-4163-9df7-077afa711033"
25.1,12.8,17.0,5.3,11.0,22.4,22.78,2022,8,12,"fa969573-9e4f-491a-aaff-aa6ba85c2520"
21.0,13.1,16.3,15.1,6.0,15.3,19.27,2022,8,13,"675003e9-f167-41bf-93e9-d2ba22f380f3"
20.0,11.6,15.5,0.3,2.0,19.5,18.75,2022,8,14,"324a0426-63ea-4f90-a583-877aff2ffca4"
20.8,10.3,15.8,1.7,2.0,24.4,19.68,2022,8,15,"311d3927-b45f-4d0f-969d-95901fc69a08"
21.3,11.8,16.2,0.2,2.0,18.8,18.66,2022,8,16,"faf50c72-7257-4fe7-90e1-73847e6e84b2"
22.9,11.2,16.5,3.2,4.0,9.7,23.45,2022,8,17,"8eb889d1-20ce-4db6-b024-f5cf0c2b3eb4"
21.1,10.5,15.8,6.3,6.0,16.3,21.05,2022,8,18,"fd458694-6f5f-4f8f-bf88-93403c223f5e"
22.2,11.3,16.5,0.1,1.0,18.3,22.07,2022,8,19,"619d30b1-0c04-4f76-a0ed-f190f34cba49"
20.8,11.8,16.2,6.1,7.0,17.3,17.17,2022,8,20,"eebacc30-ae8d-4034-948d-e277c9b3c812"
20.8,12.6,16.2,6.4,12.0,11.7,20.05,2022,8,21,"b787f6e7-3016-427d-9e0f-ef0e1b1fe8aa"
21.1,10.9,16.1,3.6,9.0,14.7,22.59,2022,8,22,"5af2baf3-854e-4f5c-aae7-35a928883071"
21.6,10.4,16.1,0.0,0.0,19.7,23.21,2022,8,23,"fb863a17-823d-4ef0-9911-a85783f02dd0"
24.4,10.7,16.6,2.0,4.0,14.5,24.31,2022,8,24,"653bfc32-f222-476d-ac91-53f9b1f3d066"
25.3,10.4,17.1,1.5,8.0,18.9,26.44,2022,8,25,"007bf74f-bf75-4daa-a3c4-2127e61c07ec"
23.8,11.6,16.4,0.3,2.0,13.7,23.82,2022,8,26,"fc94ed39-c2bf-4e22-b059-45bdaa21f248"
23.8,9.3,16.8,0.6,2.0,12.9,23.2,2022,8,27,"161eaf1f-184b-4b8e-845b-f31ca58baafd"
23.1,11.9,16.7,8.7,7.0,16.7,19.9,2022,8,28,"0a8a4f3c-f939-414b-842e-f44b30bfaed5"
22.3,10.2,15.5,5.3,6.0,16.8,19.3,2022,8,29,"b93c6419-63c8-4806-b28b-24a28e451125"
23.2,10.5,16.6,0.7,2.0,18.9,22.16,2022,8,30,"5776c073-7e06-487d-881b-a8d16cc995a3"
24.4,11.7,17.2,1.6,5.0,13.0,24.39,2022,8,31,"04fac04a-e579-4983-a7de-69fdd093a8fd"
25.5,12.8,17.7,5.5,8.0,17.3,24.83,2022,9,1,"b712fcf8-e976-4a83-9954-241e41ba9264"
25.1,11.9,17.5,3.3,14.0,14.5,24.78,2022,9,2,"e8a09870-be23-4a63-a7be-05f25ec5e2a6"
23.5,11.8,17.1,4.2,7.0,19.8,18.68,2022,9,3,"21d0a3a7-60cb-4783-ac30-759e32f5acaf"
22.2,12.8,16.2,6.0,9.0,15.1,19.81,2022,9,4,"b3c71de1-5585-49b1-a6c6-a37463f4f04a"
20.8,11.3,16.1,0.4,3.0,24.5,17.69,2022,9,5,"96fc3212-6c43-490c-be19-922c2e7e11a4"
22.7,12.1,16.6,8.5,9.0,16.6,19.99,2022,9,6,"20172c03-70ed-4d4f-b4ac-65f7efd89109"
21.7,13.4,16.1,27.5,18.0,13.2,16.8,2022,9,7,"3c6833b5-1a5f-4dcc-9f21-e97ca7385595"
20.8,13.4,16.0,8.7,21.0,16.2,17.51,2022,9,8,"f581c543-2004-44fc-a3d8-9b02844596f1"
22.7,10.5,16.0,0.6,4.0,12.6,26.51,2022,9,9,"593ee86f-17a6-41a1-950a-dcb86a289697"
22.9,8.0,15.7,0.5,1.0,18.3,23.21,2022,9,10,"b69c8530-6e7e-4b39-aaf0-6ab2fbaa4a56"
21.9,12.5,16.2,1.6,9.0,12.4,18.37,2022,9,11,"10c72acc-f524-488f-8436-c5f7334ccf17"
21.1,12.6,16.3,0.5,4.0,13.6,18.9,2022,9,12,"7bb5c45c-8581-468c-8251-2caf79b3050f"
22.2,12.3,16.2,4.7,13.0,14.3,20.49,2022,9,13,"a31366fb-1ef4-4c16-ac5e-f248bb322e4f"
23.4,11.4,16.4,2.5,9.0,13.5,22.24,2022,9,14,"d666ed2a-e521-4619-a479-6bb6359a7f95"
21.7,11.0,15.5,15.3,10.0,11.8,18.74,2022,9,15,"1895f48d-71a3-461f-a3d5-354a6acdf319"
18.9,12.8,14.9,20.0,15.0,11.9,12.11,2022,9,16,"94f62212-8a19-4b7a-8de0-d97b61a36e77"
19.8,12.2,15.3,2.1,12.0,13.2,18.58,2022,9,17,"cc058f65-85b1-4ca2-ac6e-7a89458c4251"
18.7,13.2,15.5,16.5,19.0,8.1,12.98,2022,9,18,"d1bd7d47-b1f4-41d5-a969-609d00b10c5b"
21.1,12.4,15.5,6.5,11.0,16.2,18.74,2022,9,19,"e86efa07-4165-4069-ab17-db86ccd79c66"
19.1,11.5,14.7,0.8,5.0,15.2,21.11,2022,9,20,"66d5ad6f-941a-49b1-babb-329af955899b"
22.7,10.5,15.9,1.1,11.0,13.2,21.54,2022,9,21,"72f0d8b5-d82f-497a-a045-f6fd0ac00a5f"
23.0,11.6,16.3,0.1,1.0,19.5,24.71,2022,9,22,"55f6986a-8f47-42b2-adea-a65b6c9d3211"
21.8,9.8,15.7,0.6,5.0,14.8,21.97,2022,9,23,"64774d11-bdc6-4ff7-ac9c-25b9ac6bbf56"
21.9,12.1,16.0,10.2,8.0,16.4,20.41,2022,9,24,"62f86991-7387-4e9b-a3c4-9af533405dc6"
20.5,13.1,15.8,6.3,12.0,11.9,14.25,2022,9,25,"94328c41-3086-45dc-b0b2-fcf6707f1286"
21.4,11.5,15.6,6.9,10.0,16.5,19.44,2022,9,26,"3e73f091-2291-451f-a31e-b8b9e50ad940"
21.5,12.4,16.1,0.3,3.0,17.3,17.89,2022,9,27,"5c3016e6-84b1-405d-b6a3-3d745221f13a"
21.6,11.4,16.1,1.4,3.0,21.0,19.45,2022,9,28,"98065247-5001-4903-90de-513386fb6d4f"
22.6,8.6,14.5,0.3,2.0,21.2,19.74,2022,9,29,"3618f74d-3a41-4442-a813-01fd3b70b867"
21.0,8.9,14.2,0.0,0.0,13.2,23.66,2022,9,30,"8b07e888-ce0f-4630-a311-3f379b6d14ac"
22.3,7.0,14.2,0.8,2.0,11.2,23.26,2022,10,1,"ed4847fe-c785-4d80-a5fd-5c00306f21b0"
22.3,7.0,14.2,0.8,2.0,11.2,23.26,2022,10,1,"c22daac2-4a69-4084-9621-a8374c3e6d52"
22.6,8.7,14.6,0.0,0.0,20.9,24.55,2022,10,2,"0d6221da-98f6-4ea7-becf-b0c34f0a3753"
21.7,9.5,14.9,0.1,1.0,16.0,22.82,2022,10,3,"21ba6302-2db9-478d-a441-c0b90de23be0"
21.3,10.4,15.7,0.1,1.0,17.8,19.31,2022,10,4,"6180935b-725a-4b2f-a7db-cd2c8a268c49"
20.8,9.3,14.9,2.6,5.0,9.1,17.87,2022,10,5,"da6bebe1-33a3-49ea-b262-ac9aab1c9521"
20.9,11.7,14.9,16.8,17.0,16.4,15.26,2022,10,6,"d6d81caa-5713-44fb-be4a-b1772d55bc7b"
21.0,10.3,14.9,0.7,5.0,11.4,20.67,2022,10,7,"730c2d64-8899-4ad4-aa04-444068d04976"
22.4,10.9,15.7,0.6,4.0,17.9,21.72,2022,10,8,"19552fa6-5156-463f-8720-9d33973e272c"
20.7,10.2,15.0,0.6,5.0,21.3,15.61,2022,10,9,"cf1a5f66-c537-40ce-8451-c862865c3942"
21.7,9.6,14.8,0.4,4.0,20.4,17.09,2022,10,10,"85e18b2c-9dc0-45fd-bc3e-3ef6301d142c"
20.2,10.2,14.7,0.5,4.0,19.0,11.36,2022,10,11,"0af34326-8ddc-47e8-a7a8-45d530918ce0"
24.5,11.2,17.0,0.3,3.0,18.6,19.88,2022,10,12,"eadb3350-4ac8-4de4-9bcd-671926296a38"
24.2,8.8,16.2,0.0,0.0,15.9,25.03,2022,10,13,"e6220da8-5803-4df8-a5f5-c4bf870f8414"
23.9,7.9,15.8,0.0,0.0,11.8,25.33,2022,10,14,"09d657d1-7f99-4e59-b8de-3b90607592d0"
25.0,10.2,16.9,0.0,0.0,12.0,22.96,2022,10,15,"61f78229-c3ac-4485-86ea-979311d694f6"
24.6,11.1,17.1,0.2,2.0,20.6,20.75,2022,10,16,"0ae97225-54ea-4bf1-9ad9-d147e80a5bc1"
25.5,12.3,17.2,7.3,6.0,15.0,18.59,2022,10,17,"be4de59c-69de-49a4-a278-77a4228a7377"
21.5,12.6,15.6,9.4,16.0,13.8,11.87,2022,10,18,"07e06ed5-ce93-4161-9d4b-05c22e7976c3"
19.0,10.0,14.6,1.1,5.0,19.5,12.77,2022,10,19,"123e4535-9ed8-456b-8113-516773161f29"
20.5,7.5,13.7,0.0,0.0,15.5,16.27,2022,10,20,"aa8fa327-85ae-4f9f-8aad-6706e470ca6c"
20.7,10.3,15.0,0.3,2.0,9.2,15.74,2022,10,21,"f2c87e31-37f0-4e82-b4dd-8c4e549d7255"
23.0,11.3,16.3,0.0,0.0,18.4,20.62,2022,10,22,"81a3cf9a-769c-4b96-a0bc-8ece6aa2bb71"
25.3,10.8,17.0,0.8,4.0,16.3,21.79,2022,10,23,"ca309776-7f97-457e-83f6-1cdebd83d198"
26.9,11.8,18.3,0.0,0.0,18.4,21.42,2022,10,24,"2918d135-ff4b-4695-aa99-dcff69ebf851"
26.4,10.6,18.5,0.0,0.0,16.4,21.51,2022,10,25,"865b4a48-1e87-40f2-9b63-aaf502730160"
26.2,12.3,18.7,0.0,0.0,17.9,21.59,2022,10,26,"3a6fc9c2-0952-4519-b705-235ffd4ac538"
24.4,13.1,17.4,1.2,2.0,13.0,18.05,2022,10,27,"a84fffdb-7d4a-4033-ba0f-f2d71c89099a"
27.2,11.7,18.0,0.1,1.0,21.2,20.35,2022,10,28,"5c540e31-1fc5-4d32-b010-7bd64008a098"
24.0,12.5,17.1,0.2,2.0,17.6,16.66,2022,10,29,"15703ba1-f27a-4118-a17d-c0e6f612e11f"
25.1,11.0,17.5,1.0,4.0,11.8,18.93,2022,10,30,"fefad46f-c5fb-45fa-b3d6-f408b951e8d5"
23.7,11.5,16.4,2.4,4.0,18.5,18.22,2022,10,31,"2759738a-7fcb-462b-9cf3-11c0a053bb02"
24.4,11.0,17.1,0.0,0.0,15.1,19.9,2022,11,1,"5a9a9509-a79f-4d15-aae9-17c68f6bd94e"
25.3,10.9,16.9,0.0,0.0,18.9,22.62,2022,11,2,"a04a7392-e9b8-4146-ba97-2d961f6c561e"
22.5,10.9,15.7,0.5,1.0,23.1,17.96,2022,11,3,"88991076-86b9-4fc9-a813-d8dd05bf4ea5"
25.6,9.6,16.8,0.0,0.0,13.3,21.47,2022,11,4,"5dd30cdf-7718-456b-a5cb-58de0f6fbc65"
25.8,9.6,17.2,0.0,0.0,13.0,21.61,2022,11,5,"792469c7-14dc-4025-bea3-dc1c03c6dc58"
25.6,9.4,17.0,0.0,0.0,11.4,21.92,2022,11,6,"747dcca6-d209-4da2-a3c2-5aed44acd13b"
25.9,8.3,17.1,0.0,0.0,15.8,23.39,2022,11,7,"a9b07599-ac12-4809-8604-af4bb995cdcb"
24.7,9.8,16.2,0.0,0.0,18.6,22.06,2022,11,8,"5856d98d-98e5-4f82-893a-1d0271668ff3"
23.7,9.3,15.5,0.0,0.0,27.1,21.24,2022,11,9,"dfa2e371-cbf5-4ecc-a18b-f86c8b335ace"
25.0,7.5,15.6,0.0,0.0,11.8,22.38,2022,11,10,"5102aeed-414f-4474-be99-044c8d3772e1"
25.8,7.5,15.8,0.0,0.0,23.6,22.68,2022,11,11,"e0dc2f2e-0f55-41ed-83e4-4f0081df45c8"
25.3,8.7,16.7,0.1,1.0,19.8,21.46,2022,11,12,"fbd90a79-ab80-4d33-85d2-9972b1bef510"
23.8,9.3,16.4,0.0,0.0,20.0,19.84,2022,11,13,"92dc1def-126b-41c8-b0d0-1f25a6b0a2f8"
25.2,9.4,16.8,0.0,0.0,21.1,22.04,2022,11,14,"b4e09d61-6bd8-4187-89c4-e561c2f8f8c7"
25.1,11.3,17.1,0.0,0.0,16.7,21.0,2022,11,15,"a01401fb-2111-49b5-bde8-66e3c5483622"
23.9,10.0,15.9,0.0,0.0,20.3,20.01,2022,11,16,"48d20f65-ecec-4f0a-a8d7-f2bd6b1801ec"
23.0,8.6,15.9,0.2,1.0,16.2,18.67,2022,11,17,"99f035c1-9df5-484c-a234-517b6ac7684d"
22.4,9.3,15.5,3.0,2.0,17.0,17.61,2022,11,18,"e349344d-54d4-4dd5-8622-a8bc0091c6f6"
23.3,9.4,15.9,0.0,0.0,19.9,17.35,2022,11,19,"04a077fc-5bbe-4a86-9338-c46cf5ebb724"
20.8,11.5,15.1,0.4,4.0,15.4,13.32,2022,11,20,"8813782b-33ba-4b07-bc28-3f5eb3657d6d"
20.3,9.3,14.4,0.4,4.0,23.0,15.96,2022,11,21,"54c68a26-7a77-4a8e-ab71-0e5666f7a671"
21.7,10.9,15.5,0.0,0.0,20.3,17.54,2022,11,22,"8f7fe1f8-1947-410a-ae70-08fd912a4198"
22.4,10.3,15.8,0.0,0.0,19.3,16.67,2022,11,23,"b9810990-c4ef-4a83-8e8c-2148cd563af1"
22.8,9.0,15.7,0.1,1.0,18.0,15.49,2022,11,24,"722f8ca3-bd1e-499c-ae63-25b48214e645"
24.0,9.2,16.0,0.1,1.0,22.0,18.97,2022,11,25,"585391c5-5a7b-480e-8dfa-d75356e3bb2d"
24.1,9.5,16.3,0.1,1.0,20.5,20.42,2022,11,26,"b29fc4fd-8a3d-4657-b4b9-0f00d4190890"
24.3,10.3,16.4,0.8,2.0,15.8,19.08,2022,11,27,"60a8843f-c894-4d3e-8224-0b56d2a1380d"
22.9,8.9,15.5,0.0,0.0,14.9,17.03,2022,11,28,"ef702785-ade7-4dc4-9511-48bb02e7ede7"
22.9,9.0,15.6,0.0,0.0,20.8,15.48,2022,11,29,"c0689678-7368-433a-bcce-1df90cdafa63"
24.9,10.2,17.2,0.0,0.0,13.3,17.87,2022,11,30,"26ca9383-a61d-416e-bd69-870cbdf33343"
22.0,8.6,14.8,0.0,0.0,16.5,18.4,2022,12,1,"f9ac7a00-a949-4d42-bae6-73202565c6ec"
22.0,8.6,14.8,0.0,0.0,16.5,18.4,2022,12,1,"51c2d890-5c81-44c1-8758-26fdbb815b7a"
22.7,8.5,15.0,0.0,0.0,15.6,18.95,2022,12,2,"daaedd36-837e-424b-90d5-63e140e417b3"
24.6,8.6,15.6,0.2,2.0,17.6,17.94,2022,12,3,"182d9213-923a-4fda-9b46-1acb66522cf5"
22.2,8.0,13.9,0.0,0.0,16.3,19.74,2022,12,4,"ba6b4125-98a3-4742-ab03-aeec0091f417"
23.4,8.4,14.9,0.0,0.0,17.4,19.65,2022,12,5,"c09258a0-143b-4ea3-9583-fb696222b1d2"
23.6,8.6,15.7,0.0,0.0,22.3,18.91,2022,12,6,"10b99d56-d0fc-4d89-bc6b-b924c352e101"
25.6,5.7,15.2,0.0,0.0,22.7,21.06,2022,12,7,"75269cb3-9fcb-4f90-a1be-98b18113fce8"
22.4,6.8,13.9,0.0,0.0,17.5,20.31,2022,12,8,"733a6b66-8e9f-43a6-8807-9707d84cc7ca"
21.6,8.7,13.8,0.1,1.0,17.1,18.63,2022,12,9,"2cf9a33a-495c-4c8e-94be-3bedd9698d23"
21.7,6.8,14.1,0.0,0.0,21.0,16.99,2022,12,10,"7c3b16cb-4a30-46ed-8aae-cdc19c07bb86"
23.0,6.4,14.0,0.0,0.0,14.1,20.46,2022,12,11,"92a6b069-2618-46e5-a731-8c1056fc4446"
22.8,5.5,14.3,0.0,0.0,23.7,20.1,2022,12,12,"8dfa9331-a3e4-4424-9e42-b5e6c39412aa"
21.9,7.5,14.2,0.0,0.0,26.8,20.42,2022,12,13,"7d47ce4b-2aca-4952-a775-2e97c51632ab"
22.9,5.2,14.3,0.0,0.0,25.4,20.69,2022,12,14,"dcafd305-97a0-4803-9ba7-51f534be8557"
22.7,6.7,14.1,0.0,0.0,23.9,20.23,2022,12,15,"714d7934-2bb0-4ef2-997c-a361dad00785"
23.4,7.7,14.9,0.0,0.0,23.3,19.71,2022,12,16,"ea634c8b-0ec1-4001-8d76-58b86dc67bec"
22.8,8.0,14.5,0.0,0.0,25.0,19.52,2022,12,17,"4fe06cde-8f77-473a-844f-dd4f03b0f5eb"
22.2,7.1,14.3,0.0,0.0,22.3,18.96,2022,12,18,"e987ab85-dd32-47d5-a04f-84760bbc829b"
22.9,8.2,14.7,0.0,0.0,19.1,19.29,2022,12,19,"27b5ea19-2c03-4853-8ade-b302cda337a2"
22.9,8.5,14.4,0.0,0.0,21.0,18.9,2022,12,20,"0cd78f0d-5804-4244-8f04-150973420fe7"
20.3,6.1,12.8,0.0,0.0,25.5,16.82,2022,12,21,"fd9fa7fc-4f39-4303-83fb-6ee1d6249d3b"
22.8,8.3,14.8,0.0,0.0,21.6,19.05,2022,12,22,"485c3a60-f4be-48c5-a4a5-aa4c75701031"
20.4,9.7,14.4,0.0,0.0,15.9,15.19,2022,12,23,"df8d222b-369e-4839-8f98-c2fafdd6e6e1"
19.2,7.5,13.3,0.0,0.0,22.0,15.65,2022,12,24,"db1d77f0-6ec2-47bc-a8f5-2f7b3761dde3"
17.3,6.3,11.4,5.1,7.0,12.2,14.19,2022,12,25,"dc1de3f0-d7b2-4cd8-b101-7d17aecc2ac7"
18.0,4.0,10.6,0.0,0.0,9.8,18.77,2022,12,26,"039cefa2-7f1d-464c-b672-93c0456fc456"
17.6,5.3,10.8,0.0,0.0,14.6,17.06,2022,12,27,"a0cc8819-a80d-4d36-8d46-e93c9b8a83f6"
19.3,6.2,11.9,0.0,0.0,28.0,19.0,2022,12,28,"46c06442-3289-4d7b-8585-3581ba0eb53c"
19.4,4.6,12.1,0.0,0.0,24.9,16.8,2022,12,29,"b360d77c-89a8-423f-a362-eea291ca0b9c"
19.7,7.1,12.6,0.7,3.0,21.3,16.84,2022,12,30,"83499249-229a-4124-acdf-6f5d53b5a84e"
20.0,8.3,14.2,0.5,3.0,21.7,17.57,2022,12,31,"945da1c8-e58c-424f-9220-84da1d399004"
20.6,8.6,13.7,0.0,0.0,20.7,17.78,2023,1,1,"4c952e55-fba2-4ca1-8e94-a3dfd51db608"
20.1,7.1,13.5,0.0,0.0,24.7,18.46,2023,1,2,"e5e01c38-8708-4bc6-80b8-644c578100c1"
21.9,7.1,14.3,0.0,0.0,24.3,19.11,2023,1,3,"7d824546-27b4-4b8d-bdb2-d5c66729f411"
22.1,5.9,13.7,0.0,0.0,10.1,19.96,2023,1,4,"e519b779-c42f-4135-aef8-bbfca4c5e49b"
22.6,8.5,13.8,0.0,0.0,15.1,19.5,2023,1,5,"701a6046-516f-4e27-8256-9e52001c96dc"
20.5,6.1,13.1,0.0,0.0,21.5,19.41,2023,1,6,"a5d046dc-fc95-46ff-af84-81d3df3528f7"
22.0,4.2,13.2,0.0,0.0,12.9,20.76,2023,1,7,"f7149f88-f7f1-4c64-85f8-1ed8a786d405"
21.7,5.1,13.9,0.0,0.0,15.8,20.81,2023,1,8,"56af8f57-ed78-4405-a80d-9e57eb663b7b"
22.2,8.2,13.6,0.5,1.0,11.4,19.5,2023,1,9,"24f65675-bf1d-49c8-a74f-985f69f3444c"
20.7,7.8,13.6,0.0,0.0,17.7,17.39,2023,1,10,"ef20968f-1772-4807-8b8d-5a1a26c1053f"
21.0,8.1,13.6,0.0,0.0,17.2,18.63,2023,1,11,"31535c8d-4688-48d1-9a76-1a05684434bd"
22.1,5.2,13.7,0.0,0.0,21.5,20.18,2023,1,12,"07567e9d-f11e-4472-9d9c-db0c6cdd37c3"
19.8,7.3,13.0,0.0,0.0,12.5,17.61,2023,1,13,"90597bf2-78c8-4a6c-9877-4fdd9f88a421"
20.0,4.8,11.0,0.0,0.0,20.7,21.6,2023,1,14,"2179b60d-ec6b-45d1-82f6-8a4dac1e8d3b"
21.4,4.9,13.2,0.0,0.0,21.6,21.46,2023,1,15,"4530f8d9-9a90-4034-8a8c-2e29ab407777"
23.7,5.5,14.0,0.0,0.0,19.9,21.6,2023,1,16,"48439f46-31d5-406d-829a-8dd60efb9c77"
24.3,6.1,14.5,0.0,0.0,25.8,21.28,2023,1,17,"bd2fc860-7b2d-4374-a330-9d83bcaa6025"
24.9,8.6,15.7,0.0,0.0,19.9,20.67,2023,1,18,"cdb63e1e-fcdd-40bf-b3b4-f616ea8e2729"
24.2,7.9,15.4,0.0,0.0,24.4,20.97,2023,1,19,"b092c99a-c8f5-42c0-9cc8-ec59bcea0900"
24.0,8.3,15.4,0.0,0.0,22.0,20.84,2023,1,20,"003eb564-8cd6-4b0d-ab19-d39e14902678"
22.4,9.2,15.4,0.0,0.0,26.0,21.18,2023,1,21,"0993fbfe-29ca-46f6-9ca0-0f48770ff89c"
22.8,7.6,14.8,0.0,0.0,25.0,21.25,2023,1,22,"29a63307-9227-4719-8e8d-e170686db4ec"
21.6,6.2,14.3,0.0,0.0,26.4,22.12,2023,1,23,"c62c04b8-56ec-4bcc-91f5-c0ca5ac15a60"
22.3,9.5,15.1,0.0,0.0,30.2,22.22,2023,1,24,"b509c85d-f330-4dcf-bf29-9909a7e21c77"
23.1,9.3,15.1,0.0,0.0,24.8,21.6,2023,1,25,"cc28ba18-1181-4051-a9fc-cccd9f35ec4e"
20.5,8.6,13.8,0.0,0.0,25.5,19.82,2023,1,26,"b3be4704-b3e4-4542-9131-ec0cfbb59e03"
22.1,4.3,12.4,0.0,0.0,23.0,22.37,2023,1,27,"9ac2ce1e-c506-427f-a593-b09ec83fa8de"
23.3,7.5,14.5,0.0,0.0,26.4,21.73,2023,1,28,"9d7bc34d-8b97-41fd-a3e4-8b7c3d8fd834"
23.1,6.2,14.9,0.0,0.0,15.4,21.15,2023,1,29,"d18599f7-4ae9-4c00-9646-0844843dab52"
25.5,9.8,16.7,0.0,0.0,23.9,21.88,2023,1,30,"ad5a7f46-295b-4733-8c86-4348dbe05d2b"
24.8,10.4,16.5,0.0,0.0,21.3,22.5,2023,1,31,"a91a7a5c-bade-455c-9540-4f02c2e64132"
23.2,7.8,15.3,0.0,0.0,26.5,22.49,2023,2,1,"ddfaeeaf-b9cb-4580-8902-ccf09d128320"
24.9,7.3,15.3,0.0,0.0,21.1,23.07,2023,2,2,"b1b561e0-d34c-4de8-a22e-85a2004e3297"
18.1,6.3,12.1,0.0,0.0,19.3,20.29,2023,2,3,"6866382d-5a4f-40db-9a4b-78001f5faefa"
22.5,3.4,11.8,0.0,0.0,21.5,22.67,2023,2,4,"18974b64-0bc8-47f9-a5e8-93c3a6cb29b6"
24.6,6.7,14.6,0.0,0.0,24.7,23.84,2023,2,5,"b2ec5ab2-5d4e-4c1b-b5aa-d876c5663246"
23.4,6.4,14.2,0.0,0.0,16.6,23.65,2023,2,6,"e31bfee2-a867-4190-ae8a-9ecf503037c0"
24.3,7.1,14.9,0.0,0.0,24.4,23.48,2023,2,7,"d60011ae-a333-43d4-b63f-477f6910dcc9"
22.3,7.1,14.9,0.2,2.0,20.6,18.97,2023,2,8,"f0b4cbe9-a1e2-4568-84c4-3832bf0d1f3c"
22.4,10.0,15.5,0.0,0.0,24.4,21.07,2023,2,9,"2c1a489a-445e-4af1-9384-0f69fdfff841"
23.0,9.9,15.5,0.5,1.0,25.3,19.17,2023,2,10,"f6f35386-1d3f-4a0c-abfb-488153fde62e"
21.2,7.8,13.7,0.1,1.0,17.4,19.67,2023,2,11,"ae3f59ed-e7c8-46d9-a329-8a40822cd593"
24.0,5.2,14.7,0.0,0.0,21.5,22.8,2023,2,12,"641b83cb-5a07-4969-a51f-eca2acdc8e82"
24.9,8.3,16.5,0.0,0.0,24.3,23.6,2023,2,13,"1c547033-0fae-401a-9ab7-43a862fb7195"
24.1,9.2,16.6,0.0,0.0,25.3,24.89,2023,2,14,"8a1b04c0-0981-4ff3-80da-247d753af1ef"
24.5,7.9,16.5,0.0,0.0,29.0,24.83,2023,2,15,"83a21f45-8c10-4c98-ad73-1dd207429d56"
27.1,8.3,17.4,0.0,0.0,27.0,24.98,2023,2,16,"3e3717bb-7d7e-425f-a09f-c989b0fe6e1f"
23.4,7.6,15.2,0.0,0.0,24.1,22.1,2023,2,17,"83a52cfd-75a8-4e87-a2fb-4e550333077f"
23.3,5.2,13.5,0.0,0.0,21.5,24.82,2023,2,18,"182d34f2-c84b-4747-aa44-861c7c4e67f9"
23.3,6.9,15.2,0.0,0.0,24.9,25.29,2023,2,19,"619d97f6-a33a-492b-be66-645912006030"
24.9,8.2,15.9,0.0,0.0,22.6,25.07,2023,2,20,"189b9643-69f5-4602-84ce-766774a21c80"
23.0,7.5,16.0,0.0,0.0,27.0,24.47,2023,2,21,"56487acb-7a37-4e82-9b9c-698ddc9cd549"
22.4,10.1,15.4,0.0,0.0,26.9,23.9,2023,2,22,"e8acdee6-5cf0-466e-9481-9d83605b9be6"
25.1,7.9,15.8,0.0,0.0,25.3,25.5,2023,2,23,"1ec2ce18-325d-4bee-9c98-b0cbb955abbe"
25.7,8.4,16.3,0.0,0.0,24.3,25.87,2023,2,24,"c282b136-6053-4ca1-a4c1-18b19974c591"
24.5,10.5,16.6,0.0,0.0,26.2,25.11,2023,2,25,"0385f4de-d483-4c01-90df-30d6baf78f84"
26.8,10.4,18.1,0.0,0.0,25.6,21.72,2023,2,26,"6ac78d6a-132a-453c-a4a0-1d6e83985619"
26.9,9.2,18.3,0.0,0.0,24.3,25.23,2023,2,27,"7c2b7217-75f6-40b8-b968-ed944e179bf9"
27.3,11.4,19.3,0.0,0.0,19.6,25.01,2023,2,28,"0deb98cf-5ecb-43f7-a842-6421a2585913"
26.8,11.2,18.9,0.0,0.0,22.6,22.72,2023,3,1,"b4fed11e-ccd3-4f55-bfea-7819c0d806e5"
27.9,10.5,19.3,0.0,0.0,26.3,26.28,2023,3,2,"baf68223-f0c8-4085-88a6-5d572833a328"
27.4,9.6,18.6,0.0,0.0,30.7,26.88,2023,3,3,"c38cfc86-a9b2-4392-9cff-251f33c8a145"
26.8,11.2,18.9,0.0,0.0,22.6,22.72,2023,3,1,"c3557f7f-d13f-4902-aee0-fa971b3859e7"
27.9,10.5,19.3,0.0,0.0,26.3,26.28,2023,3,2,"353f0d11-e638-407e-9216-e30f98e68d04"
27.4,9.6,18.6,0.0,0.0,30.7,26.88,2023,3,3,"c2723243-0bcc-451f-944f-02b9fe27d93e"
28.0,11.7,18.8,0.0,0.0,24.5,26.84,2023,3,4,"883457fa-e975-4f45-992b-b57ffb96baff"
27.2,13.5,19.3,0.0,0.0,23.6,22.35,2023,3,5,"7f44d8df-c9ac-4c7f-b740-463f4e170468"
29.0,11.3,18.8,0.0,0.0,23.8,25.0,2023,3,6,"e5814a12-cb38-439e-8b91-3a3b14352bcb"
27.9,8.7,17.8,0.0,0.0,29.3,27.09,2023,3,7,"dbedbed8-ef3a-4997-b889-558896b62b5a"
27.4,9.6,18.6,0.0,0.0,19.1,27.19,2023,3,8,"33e2e05f-11d8-47df-bb2f-31600db57507"
27.1,9.4,18.3,0.0,0.0,15.8,27.04,2023,3,9,"a8971812-0fb7-46e9-ba61-9115eb1fcd02"
27.6,10.4,18.2,0.0,0.0,26.6,25.76,2023,3,10,"15fbd3ef-25d3-4cc5-a249-6c1f9d946a19"
27.4,9.7,17.9,0.0,0.0,23.7,25.95,2023,3,11,"14bbac79-2c21-42c4-91a7-3f758fba0088"
26.1,10.5,17.0,0.0,0.0,21.3,21.02,2023,3,12,"87197ebf-eeab-453a-866c-5abfebbf1fa6"
24.4,8.5,16.4,0.0,0.0,22.2,22.53,2023,3,13,"62fe6d1c-e83a-4080-a961-2fc20f0bf46c"
22.7,9.2,15.9,0.0,0.0,27.9,22.15,2023,3,14,"0672f09d-e2ef-48f8-8ea0-82b9f174cae4"
20.3,10.4,14.9,1.2,5.0,22.4,19.77,2023,3,15,"9e47cab6-6200-4782-a9a1-cd1221cf29c3"
21.8,7.5,14.6,0.4,2.0,19.3,24.9,2023,3,16,"d44db220-c06d-4b2f-86bb-6939893873e6"
23.3,8.3,15.4,0.6,2.0,21.1,24.76,2023,3,17,"a0804415-2362-40fa-be90-f17264fe3d82"
22.4,10.9,15.7,2.8,3.0,24.1,24.49,2023,3,18,"23681ecd-4e97-4c0f-96ac-e498a6654719"
21.6,8.6,14.2,0.3,1.0,25.1,25.04,2023,3,19,"56c04c91-1b30-4d47-a84e-113b194c1655"
22.7,6.5,14.6,0.0,0.0,25.9,27.81,2023,3,20,"b96f7b0d-ef22-4862-a698-5f9a546adb33"
25.6,9.7,17.6,0.0,0.0,20.5,27.57,2023,3,21,"399cd5a6-bc56-4cc3-9126-5456cf412fb6"
25.9,9.4,17.9,0.0,0.0,22.5,25.48,2023,3,22,"0b14008d-6fc9-46f4-952d-70a3fc6c5071"
27.6,11.7,19.1,0.0,0.0,25.3,24.14,2023,3,23,"0372c1d5-ccba-439b-bb52-cd2f7f564977"
27.0,11.3,19.2,0.1,1.0,19.7,25.83,2023,3,24,"84437b6e-53f8-42b3-9c72-6e3dc0b87547"
28.1,11.9,19.4,0.1,1.0,19.9,25.02,2023,3,25,"1dbae221-f471-4750-a6f5-abbba0476d2d"
27.6,12.9,20.1,0.3,1.0,20.5,26.24,2023,3,26,"f8e697f2-52d5-4cf8-ae6a-97ef68695427"
28.9,12.7,20.1,0.0,0.0,25.2,24.67,2023,3,27,"48f33b28-89ff-4e00-a54d-c882d91ae12f"
27.5,13.5,18.5,1.4,3.0,21.7,23.62,2023,3,28,"74f416bf-bd01-440a-983c-afd7f6475a37"
26.1,11.4,17.4,0.3,2.0,17.7,24.39,2023,3,29,"dfcf1c1a-50b8-409c-9a90-360d10084b7d"
26.0,10.8,18.1,0.0,0.0,24.7,26.18,2023,3,30,"b7a9faeb-8448-4bb7-a383-8720b80779a0"
27.1,10.1,19.3,0.0,0.0,18.7,25.16,2023,3,31,"ed12034e-15de-4955-b749-0884b2a842a0"
28.8,13.3,20.5,0.0,0.0,24.1,27.23,2023,4,1,"f304a7e4-494e-4940-8a63-48160e8c2f9a"
29.2,11.3,20.3,0.0,0.0,22.2,27.12,2023,4,2,"d5b7a5c5-7d4c-4e1d-8bbd-d961abac45a6"
29.8,12.4,20.9,0.0,0.0,27.6,26.34,2023,4,3,"07a37425-28c4-4322-b315-90d16e52d520"
28.6,13.8,20.8,0.0,0.0,26.7,24.7,2023,4,4,"dc49ca07-6411-47a0-94c2-356b3cf8a411"
30.1,11.9,20.6,0.0,0.0,31.3,28.07,2023,4,5,"dc175219-0ebf-4006-830a-a5050653fcf8"
28.0,12.2,19.5,0.0,0.0,28.7,28.08,2023,4,6,"fc653b72-a86a-4903-9255-8799d0aedf33"
26.7,11.9,19.3,0.0,0.0,23.5,27.67,2023,4,7,"2cbe2d1e-977b-4475-9fbe-e652d92ce69e"
26.4,13.4,18.9,0.0,0.0,18.2,24.21,2023,4,8,"cea955d4-cce7-41d9-aeef-2f8e2f29fb09"
27.0,12.7,18.5,0.7,2.0,16.7,26.24,2023,4,9,"6295852b-de53-4830-a959-e7a26de74ad8"
25.2,12.1,16.9,4.5,8.0,26.7,23.58,2023,4,10,"5973fed1-8247-4798-a796-dcabf4aaa443"
23.7,11.7,15.8,2.6,6.0,22.9,23.5,2023,4,11,"983860dd-4fa1-4f33-ac53-4dab45d772ad"
24.6,9.1,16.9,0.4,2.0,16.0,27.2,2023,4,12,"5e99541e-5637-48da-83b6-3d08563769ba"
23.4,11.9,17.1,2.2,2.0,27.3,24.79,2023,4,13,"e1c7b20d-b74e-4cdd-9976-7fc8dff5f0c0"
26.0,9.9,17.9,0.0,0.0,19.5,27.82,2023,4,14,"ea54b010-1212-428c-94e8-846953d7e8fc"
25.9,9.8,18.4,0.0,0.0,12.9,27.06,2023,4,15,"5990a6aa-7b87-4374-a56f-95c6b7352beb"
26.4,12.0,18.5,0.0,0.0,20.5,26.27,2023,4,16,"0c831797-795e-41b1-beab-57354bc4599d"
23.9,10.0,16.9,0.2,1.0,15.8,25.24,2023,4,17,"bdb29066-c3ff-4951-8d02-10ec4b884a9d"
25.7,12.5,19.4,0.0,0.0,21.3,27.54,2023,4,18,"2616b06d-abed-4c6d-9a9b-173333410ec9"
27.3,12.4,20.0,0.0,0.0,23.5,25.84,2023,4,19,"aaac7727-b8e8-4368-a9e7-db15ff6f10c7"
30.2,13.6,20.2,1.1,1.0,26.7,27.13,2023,4,20,"7ee680ec-a79c-409e-9ced-56ad3e051c8d"
29.4,12.8,20.6,0.0,0.0,18.5,28.17,2023,4,21,"ff5f7595-dab9-47c2-a907-99641c209517"
26.9,12.3,18.9,0.5,2.0,22.5,23.06,2023,4,22,"cd212044-03a0-49e3-a468-dac9cfb5608b"
25.8,13.5,19.6,0.6,3.0,30.3,24.9,2023,4,23,"3a8c858b-6762-4619-b4b6-ef88e69dff37"
26.6,11.3,19.2,0.3,2.0,21.6,26.37,2023,4,24,"f5a5159d-0acc-44e5-ba5f-90dfc5415dda"
27.4,13.0,20.0,0.1,1.0,24.1,27.31,2023,4,25,"e493da3e-0d1c-422f-9aa6-09a47fbe916b"
27.1,12.6,20.3,0.0,0.0,19.1,23.88,2023,4,26,"f386731e-91a3-451e-9336-6b70717b6610"
28.0,13.0,20.9,0.0,0.0,21.7,24.93,2023,4,27,"24ba6f46-17f5-4445-8a4b-a6f0465c7a83"
27.3,13.1,20.3,0.0,0.0,16.4,27.5,2023,4,28,"2d0451fc-9af4-4451-9802-c7665743f82a"
27.8,13.2,20.0,0.2,1.0,22.8,27.31,2023,4,29,"272d2570-e62f-4857-98a3-63b086f7cab2"
26.8,10.6,18.9,0.0,0.0,22.8,28.41,2023,4,30,"0364af78-8fbc-493f-a0c3-5089870052df"
27.5,13.4,20.2,0.0,0.0,25.0,28.03,2023,5,1,"f11ffb2e-749b-4762-b8ae-6f50ff88832c"
27.5,13.4,20.2,0.0,0.0,25.0,28.03,2023,5,1,"c937c1dc-6b54-4886-b698-89fa1219079c"
28.1,13.5,20.7,0.0,0.0,24.2,29.45,2023,5,2,"a7623231-e87d-42e0-9c8d-12d00db50a0d"
28.8,12.5,21.1,0.0,0.0,29.1,27.98,2023,5,3,"85eae699-6e68-4adb-89bf-374026a5f592"
26.8,13.3,20.4,0.0,0.0,22.1,19.34,2023,5,4,"1fbaaf09-2604-4c81-a8a6-8f1c36312102"
26.4,11.3,19.7,0.1,1.0,26.1,21.12,2023,5,5,"8c4a4696-b069-4381-bd27-71a57d59a343"
29.2,13.2,21.0,0.0,0.0,18.3,23.3,2023,5,6,"f238b49d-63cc-44ab-a6da-efb45df40df1"
28.4,12.8,19.5,0.5,2.0,41.5,20.88,2023,5,7,"da1d4405-d923-46ba-8c14-eeaf1a2e9a1c"
28.5,11.9,18.4,0.7,3.0,28.7,24.55,2023,5,8,"b81d8038-37f4-48c1-8f09-033a2ed07c28"
26.2,11.7,18.8,0.1,1.0,22.6,25.0,2023,5,9,"029f9ded-2942-4042-91d9-1b2a17183de3"
26.6,12.8,19.4,0.0,0.0,15.3,25.25,2023,5,10,"cfa82fc4-dd04-47da-83da-65f36b6c9d03"
27.5,12.2,19.7,1.6,1.0,18.7,26.89,2023,5,11,"53dac8fb-2e89-4149-af67-70bbccd4f029"
28.2,11.3,19.6,0.3,2.0,23.0,25.5,2023,5,12,"010ca710-868a-45d3-8d23-8600346c72eb"
24.1,13.5,18.4,8.3,8.0,19.8,21.96,2023,5,13,"da428214-71f7-4cbc-bd69-947472083ce7"
23.8,10.1,16.7,0.3,3.0,19.9,24.17,2023,5,14,"7cd5154e-7123-410c-bba1-93d00fc9ad33"
25.8,9.5,17.9,0.2,2.0,16.9,28.03,2023,5,15,"2627295f-9fd6-4f47-bf04-5c9d247319ae"
25.2,10.0,16.6,1.7,4.0,16.9,22.47,2023,5,16,"7ed32bed-d162-4e11-9c35-6fb3b2e1b139"
24.5,10.1,17.5,0.3,3.0,17.1,25.61,2023,5,17,"781213d3-2f25-4a93-aaad-8586c9d9856c"
26.5,10.2,17.9,1.1,2.0,17.6,26.01,2023,5,18,"38779852-dcc2-47e5-ba70-9634378e3326"
27.0,12.8,18.6,3.1,2.0,23.4,21.61,2023,5,19,"bcd5e574-c071-4b06-8a43-2ac395fa9982"
26.5,12.2,19.0,0.0,0.0,15.3,22.64,2023,5,20,"e8237864-7888-4cf7-a5f9-3beeab2b491d"
24.2,13.8,17.4,4.4,16.0,16.1,19.7,2023,5,21,"8d79dd38-e747-4389-a315-02a35b6d220b"
24.2,12.2,17.5,4.8,4.0,17.3,22.23,2023,5,22,"f9629301-fce8-416d-aa5e-b5277812e934"
25.3,13.5,18.5,2.0,1.0,17.7,24.13,2023,5,23,"09194630-f9c8-4211-8c7b-ce0772a618ed"
25.8,12.5,19.1,0.4,2.0,20.0,25.14,2023,5,24,"d9a510dd-ce69-4ebd-a0f3-abc013f5cbee"
27.9,11.8,19.7,0.5,2.0,21.3,27.75,2023,5,25,"aba2674b-5a27-4723-a4d3-8a488a41ed21"
27.9,11.3,19.0,0.6,2.0,19.7,26.04,2023,5,26,"312f6cba-cb1b-47b2-a45c-ffee44e98cfd"
27.3,12.6,18.9,0.0,0.0,24.7,26.23,2023,5,27,"2705739e-c1f5-40dd-8c9a-94d9232615bd"
23.0,13.3,17.5,3.6,9.0,20.6,22.63,2023,5,28,"a6d08b69-9a22-4c39-8acc-4a7412af371f"
25.3,12.4,17.6,6.8,6.0,18.0,26.23,2023,5,29,"debce210-7070-4f31-bc0d-04e106653d17"
26.8,10.8,19.0,0.0,0.0,18.9,28.66,2023,5,30,"027f4e18-9c18-45a9-ae71-1b8dac6046c0"
27.7,11.7,19.5,0.2,2.0,23.9,28.4,2023,5,31,"3818d9ee-2b22-40f3-8d54-dde1449117a9"
27.8,14.9,20.4,0.6,2.0,30.2,25.6,2023,6,1,"9f28650c-f321-436d-b35a-7ceb526d255b"
30.4,13.6,21.7,0.0,0.0,25.9,27.6,2023,6,2,"19a503ef-1098-4926-a744-9c2af6cecc24"
31.3,13.9,21.7,0.0,0.0,29.0,27.83,2023,6,3,"22c7ab1a-98eb-40be-9e6e-e0c1b7104190"
32.0,13.4,22.3,0.0,0.0,28.6,28.85,2023,6,4,"4a818434-194a-4673-80ba-16eb29800832"
27.4,13.7,20.0,0.9,4.0,26.2,27.99,2023,6,5,"baa5143f-f015-4ca3-ab15-e8b04b30af76"
28.1,13.2,19.4,4.0,6.0,19.1,27.12,2023,6,6,"78918ac1-2bbb-42f2-9b95-0a904cccda16"
25.8,13.6,18.3,6.5,4.0,18.4,23.71,2023,6,7,"4533a476-0085-4914-a474-437e24e3366b"
28.2,11.7,19.4,0.2,2.0,25.1,28.13,2023,6,8,"6b8a1f20-ce6e-4914-a8bd-fae01c947dde"
30.7,13.1,21.8,0.0,0.0,23.5,29.07,2023,6,9,"7657ddb9-a1c3-4e09-8194-943d2471c676"
31.7,14.6,22.3,0.0,0.0,26.8,29.18,2023,6,10,"56cff7a8-de51-42cf-8052-852a9e60144c"
30.9,15.0,22.1,2.2,2.0,19.6,24.65,2023,6,11,"9c097ac9-c8cc-4fd9-98c7-eada8630f7e3"
32.6,13.5,22.4,0.0,0.0,25.7,28.74,2023,6,12,"0bc58326-5910-42ed-8a0e-81e3822ff6c7"
33.8,10.9,21.8,0.0,0.0,29.4,31.71,2023,6,13,"c1cdafbf-e13f-472f-bd87-534b233456fa"
33.1,14.2,23.0,0.0,0.0,25.3,29.88,2023,6,14,"7d4e18e7-89e1-4abd-8aeb-3c8703b3a119"
32.0,13.8,22.9,0.0,0.0,24.9,30.39,2023,6,15,"877b5f02-6397-4542-a2af-75b9884f8c92"
31.1,14.4,23.1,0.0,0.0,23.8,29.67,2023,6,16,"335affbb-993b-4bae-bcf3-ca3052e7949e"
31.0,14.4,23.0,0.0,0.0,21.1,29.29,2023,6,17,"8e44e096-fc1c-4325-a442-c5d2e664fcad"
32.8,13.3,23.0,0.0,0.0,19.5,31.29,2023,6,18,"0334515a-34c0-41bb-8a0b-9255fba06c65"
33.2,13.8,23.3,0.0,0.0,20.3,31.03,2023,6,19,"610f6c98-5e44-4d2d-81f4-12b2ab8803ee"
33.4,13.1,23.1,0.0,0.0,23.3,30.25,2023,6,20,"41cca16c-023f-47be-8498-65766bf6a23e"
32.5,12.9,23.1,0.0,0.0,22.2,29.0,2023,6,21,"5456547f-601b-425e-983e-08efccb5cd08"
31.5,13.5,22.8,0.0,0.0,23.1,31.09,2023,6,22,"341ce6b4-b186-417a-b3a1-05dae683f363"
31.2,14.3,22.3,0.0,0.0,24.0,29.27,2023,6,23,"58cc4c5e-1218-4049-a53a-3e0f97f0aa57"
31.2,11.9,21.5,0.1,1.0,19.4,27.9,2023,6,24,"e3b9ae80-3f93-40ae-8e26-bfa7da12db23"
28.7,13.1,20.5,0.9,5.0,18.3,24.96,2023,6,25,"f2db7b6e-6f1f-48df-818f-ed320cf21115"
23.0,13.6,17.8,0.9,6.0,15.8,19.29,2023,6,26,"18e8bf6f-b714-4367-aadf-e6310b85490c"
25.1,11.9,18.0,0.2,2.0,18.7,25.31,2023,6,27,"c7f06bb2-91ad-415e-870d-1e67ce57a0e2"
26.8,13.1,19.3,1.1,6.0,24.5,24.88,2023,6,28,"b6031960-da9a-4b28-89b3-176dc3bb21c4"
21.1,13.4,17.5,2.1,8.0,17.1,16.59,2023,6,29,"15370180-07db-4112-bd10-a85d092f19e7"
24.9,11.2,17.8,1.1,5.0,23.3,22.25,2023,6,30,"b199fff2-4922-44d7-bd18-e3a662ec867e"
25.9,12.8,18.7,3.8,4.0,15.8,24.82,2023,7,1,"f1f8f15e-9f7b-440f-a3d7-f5c93561a9c6"
25.9,12.8,18.7,3.8,4.0,15.8,24.82,2023,7,1,"0979cb33-2f24-4c62-bce0-88f84b7e58f5"
23.6,12.9,18.2,1.4,5.0,16.2,24.82,2023,7,2,"84b74def-ef13-4536-9606-e2243f639328"
25.1,13.6,18.4,6.0,9.0,12.7,25.7,2023,7,3,"55b34544-5da4-4145-a74e-560d95b67174"
23.8,12.9,17.9,2.9,4.0,17.4,20.01,2023,7,4,"6a5a2ee9-1b85-4f3d-9f93-475ebb61e416"
22.9,14.7,18.3,20.2,8.0,12.2,19.39,2023,7,5,"edb891b0-9d20-4351-9017-d79642a4d7e0"
22.8,13.7,17.7,12.3,13.0,17.9,20.15,2023,7,6,"b58caa2c-2807-46ed-98ba-917d2038454f"
24.5,14.2,18.8,1.3,6.0,22.0,23.19,2023,7,7,"711b65b3-e540-42a7-97d2-cfab7e0bb091"
26.0,11.8,18.2,8.7,7.0,15.4,26.1,2023,7,8,"f25f1093-24d0-4b62-8399-5285d911e394"
25.5,14.2,18.5,2.9,9.0,19.2,24.51,2023,7,9,"086c05d7-1706-49f1-802a-2b74eb108b95"
22.1,14.3,17.9,1.1,4.0,18.8,23.04,2023,7,10,"37851c69-8ffc-4567-86e6-7a5d8974ad99"
23.8,11.8,17.0,2.3,3.0,11.4,25.5,2023,7,11,"b30718e9-a40d-4542-b694-98457cddb351"
24.8,10.5,17.6,0.0,0.0,18.9,28.24,2023,7,12,"da24ddcf-5afe-4d1e-b6fb-b428e866a539"
27.2,11.2,18.7,0.0,0.0,15.6,26.89,2023,7,13,"1063f339-896e-4141-b07a-c80861317557"
25.1,10.3,18.1,1.0,2.0,14.1,26.86,2023,7,14,"ec3a7dac-260e-4f5b-b6da-b856abefea34"
25.7,11.8,18.9,0.4,2.0,15.7,28.7,2023,7,15,"27a1547d-7e44-4fe4-a2bb-d0204a9c6f1e"
27.9,13.5,18.6,1.6,2.0,14.8,25.99,2023,7,16,"9b506e42-3a5d-4e36-a180-a63a9e29de01"
24.9,12.9,18.1,2.9,4.0,22.5,23.1,2023,7,17,"b4fdb5e8-e84f-49bd-9f62-0cb170530e21"
27.2,12.3,18.7,0.7,5.0,19.4,26.59,2023,7,18,"7835b2d8-7e61-4c7d-83d3-fba9819f83ef"
26.0,13.3,19.0,0.5,4.0,14.8,26.02,2023,7,19,"10f996f3-5eda-4b4c-80a7-0e86d5fd2e1d"
27.6,14.3,19.6,0.4,4.0,20.6,26.37,2023,7,20,"b33394d4-b5dd-4ea2-b1fa-18de894c6699"
27.5,12.7,18.4,0.5,2.0,22.1,25.28,2023,7,21,"1e21544a-7b31-43d6-b79f-3dbd92b8c854"
24.7,10.9,17.3,7.6,9.0,12.7,21.45,2023,7,22,"98901a0a-6c91-4ea7-9d19-5285d497f4de"
25.1,12.4,17.9,6.6,12.0,17.7,21.29,2023,7,23,"62b9bb7f-6351-41cb-881e-bc4b59c81a50"
23.1,13.3,17.0,14.2,13.0,9.8,16.53,2023,7,24,"4b7a6e0f-4948-4b06-8a18-61742f7cb55a"
21.9,13.7,16.8,4.2,10.0,13.0,22.11,2023,7,25,"c433a1f0-cea6-4671-90d3-690a1d28d234"
23.1,12.7,16.8,6.2,7.0,12.8,24.07,2023,7,26,"bcc951d9-560c-444e-a556-a304fc1837a4"
17.3,13.2,15.4,8.4,13.0,12.8,13.33,2023,7,27,"fad65922-6b4b-414c-92d4-33cadb37e085"
21.1,10.2,15.3,3.0,4.0,14.2,21.56,2023,7,28,"d0f0969e-6ab9-4732-a2f5-d55d01b5235c"
23.7,9.6,16.6,3.0,3.0,19.8,25.28,2023,7,29,"af1f9621-135e-459c-a49a-c9b9a0c33dbd"
22.6,12.7,16.3,7.0,8.0,12.5,17.64,2023,7,30,"883ef117-db20-4675-b517-c5f7569e89b7"
20.8,12.2,16.6,0.6,4.0,11.1,19.4,2023,7,31,"893e1172-c80e-4f00-8e15-d6e48574eaca"
24.8,12.8,17.1,7.8,15.0,9.0,24.94,2023,8,1,"5f854682-d0fd-4c13-be6f-fda5ed6c947d"
23.9,12.8,16.9,2.0,8.0,12.7,25.75,2023,8,2,"df995935-f06d-4f2f-9f7d-7f5839d09e19"
21.3,12.0,16.3,3.5,7.0,12.2,18.99,2023,8,3,"5e5495e2-d1e1-4abb-93cf-a39f221c094d"
21.3,13.4,16.5,0.8,6.0,20.1,15.98,2023,8,4,"0614050a-0d43-445d-96bf-345e31a08948"
22.5,11.0,16.0,4.3,12.0,14.5,18.86,2023,8,5,"e2701e02-5eed-4316-a14f-6d0abd4d85d6"
22.5,13.3,17.0,1.1,4.0,13.7,20.65,2023,8,6,"54a28781-b51c-4d9b-9d9a-33bf4f597738"
25.7,10.2,17.3,1.0,3.0,21.7,26.75,2023,8,7,"d6a8cdab-4b36-454b-9c46-47be86de87e3"
25.4,10.0,17.8,0.2,1.0,14.0,26.46,2023,8,8,"6f81eca5-e9a1-4b17-8e17-b2407f6c67fc"
24.8,11.8,18.3,0.0,0.0,21.8,27.19,2023,8,9,"1e9223bc-3401-4961-9539-370e627a07d0"
25.8,12.1,18.6,0.7,2.0,19.5,23.7,2023,8,10,"4bcd04d6-1594-46f1-9c59-333595a4ec45"
26.5,12.2,18.4,0.5,1.0,13.8,25.85,2023,8,11,"1dc1d141-8071-435f-9fad-193ba5e64b15"
25.7,10.9,17.6,2.5,3.0,12.6,26.59,2023,8,12,"4e0fba47-bf81-4ee5-8570-8c5b38b68c46"
23.8,12.5,18.1,0.3,3.0,11.0,25.43,2023,8,13,"d203db43-412e-4c0e-9678-40be1517d6c6"
25.2,11.9,17.6,2.9,3.0,17.9,22.21,2023,8,14,"36aa0bd1-9038-488c-bd53-7146285da3c8"
23.9,10.8,16.8,1.1,6.0,16.4,24.95,2023,8,15,"2ab8157e-9763-4009-b3c7-06678f0128b0"
22.0,10.4,15.4,0.8,5.0,13.6,18.17,2023,8,16,"9ad68ea5-5f9a-4e3b-b7e6-0f04a94e6eb9"
20.6,13.4,16.2,10.8,14.0,13.3,16.4,2023,8,17,"39a793e8-e19c-4d97-bfa0-40b655835457"
20.3,12.9,16.5,10.5,9.0,10.1,18.82,2023,8,18,"1c435f4e-d53d-40e5-91bd-61936450a1b1"
22.2,12.6,16.3,8.7,9.0,12.5,22.17,2023,8,19,"a502e15f-6283-459e-ab95-b54bc626e7c8"
22.8,12.9,16.5,0.6,5.0,16.6,17.22,2023,8,20,"2c720848-cc2a-43cf-ab8a-c40115159672"
22.8,11.0,16.3,1.8,10.0,14.4,23.58,2023,8,21,"15d2f7ca-0286-4239-9f8d-f6130dbbb1c9"
24.1,11.6,16.9,4.7,8.0,14.0,22.7,2023,8,22,"a673e0c2-65c4-4e53-b0bc-18eb3b892b26"
25.1,12.8,17.2,4.6,9.0,18.8,24.06,2023,8,23,"1a356c00-1f92-4558-98d7-682a352e0942"
24.2,11.2,16.8,1.1,6.0,18.4,24.65,2023,8,24,"211badb8-c1fa-4713-a364-20a4bd6f4c70"
22.2,8.8,15.5,0.8,7.0,13.2,21.99,2023,8,25,"a3f7ac04-ee3c-4ef6-852f-1033f25b2798"
21.8,11.5,16.2,0.9,7.0,9.2,19.21,2023,8,26,"2b583521-315b-4ca0-bb48-809b94c0e878"
23.0,12.6,17.0,7.8,15.0,9.7,19.93,2023,8,27,"b3dab372-2af5-434e-83d2-25c99b419b98"
21.2,13.3,16.5,2.9,7.0,8.6,15.25,2023,8,28,"92b4f4e9-072b-478e-92d9-6efbb524cd69"
24.8,11.8,17.2,0.2,2.0,10.5,26.05,2023,8,29,"9bd168b4-744e-4a21-917c-aa156017e1ce"
24.1,10.7,16.9,0.3,2.0,19.5,26.78,2023,8,30,"070ac38e-e1f3-40d2-892a-a2fb78dbea61"
22.3,12.9,16.9,2.2,6.0,15.1,19.57,2023,8,31,"0c3f2304-924c-48e0-bf1f-3b1ef3507257"
21.5,12.5,16.8,1.7,4.0,10.8,19.19,2023,9,1,"7002267d-efc4-46c0-9da1-98e56caa460d"
25.3,13.1,18.2,0.2,1.0,13.3,27.08,2023,9,2,"89aee59c-569f-4676-b25b-99d9f28325b9"
22.0,13.2,16.8,4.8,8.0,9.1,20.48,2023,9,3,"5488db1a-0504-4765-bfcc-8cc56804f66b"
23.7,10.5,16.6,0.0,0.0,12.8,24.98,2023,9,4,"c7ad98db-2318-4dfb-b729-3388cc196c0d"
24.1,10.8,17.1,3.5,4.0,14.4,24.05,2023,9,5,"baf7d677-915b-435f-95e4-53a36791da42"
23.2,11.6,16.7,16.6,7.0,11.9,22.75,2023,9,6,"d1da49a3-abd8-4435-9f47-0c017e4e4e20"
24.2,12.1,17.2,0.8,5.0,19.9,25.17,2023,9,7,"e36f86b6-1367-4080-8718-4a23b33f31ff"
26.4,11.4,17.6,0.3,3.0,14.7,25.68,2023,9,8,"019c5e21-5930-4fc4-82ba-209f583bfe13"
26.3,10.7,17.7,0.2,1.0,22.0,27.1,2023,9,9,"cdcd94db-7a38-4434-b82b-2664e5b8cbbc"
25.9,10.3,17.3,0.0,0.0,16.9,26.19,2023,9,10,"ce615076-b38f-4ade-b340-54b0ab7a974e"
26.5,10.9,17.6,0.1,1.0,17.9,25.19,2023,9,11,"dbde2592-80b2-4551-8ace-cfcc3095a35b"
27.4,10.5,18.3,0.0,0.0,18.6,25.03,2023,9,12,"6b6ebe91-0029-48b5-a014-ffdc4ecaa7f2"
26.1,12.4,18.5,0.0,0.0,16.6,22.22,2023,9,13,"33ad4c65-6a34-4b2b-b44b-1d4139b5449e"
28.3,12.2,19.1,0.0,0.0,19.0,24.5,2023,9,14,"11132cf0-52ab-4b8f-9e22-8234c61acd9c"
25.6,13.7,18.4,0.6,4.0,20.2,23.34,2023,9,15,"795c1e86-4ffa-4337-959a-7aa11b2fe9a7"
25.9,13.9,17.5,13.5,7.0,11.4,17.88,2023,9,16,"cae23961-84af-427f-8a6b-74f30834b9b8"
20.4,13.6,16.6,9.1,10.0,15.4,16.62,2023,9,17,"4652af2d-9424-440c-9a6e-8bd6ec155298"
23.4,13.6,17.0,5.6,12.0,11.4,19.12,2023,9,18,"57ea0cfb-41b1-4bbf-a04b-05cf69e3425d"
24.2,12.5,16.9,4.2,11.0,15.1,21.27,2023,9,19,"cffbf461-d7f0-4384-a5c8-32bb344ed229"
25.8,10.7,17.6,0.0,0.0,11.2,24.63,2023,9,20,"75a42298-fc0e-4ec2-9f18-00364192812c"
27.2,12.3,18.5,0.0,0.0,16.1,25.06,2023,9,21,"acfcaa0e-9445-420b-811b-f062cfabe1dc"
28.1,11.3,18.8,0.2,2.0,18.1,25.07,2023,9,22,"6916a06d-5171-46b8-aac5-457f11696e7e"
29.5,12.0,19.6,0.0,0.0,21.4,27.2,2023,9,23,"9b2bdf13-3802-4b80-9f36-c4cfa9ec4f40"
29.9,9.3,19.0,0.0,0.0,28.6,27.27,2023,9,24,"c14566ba-7158-44db-ac1e-1c8b22db72d4"
28.4,8.2,17.7,0.0,0.0,25.7,27.47,2023,9,25,"ab8441be-9792-4a72-92c3-db2c04838710"
28.1,8.9,17.8,0.0,0.0,29.7,25.82,2023,9,26,"f6b86819-eed5-4812-a838-87dbb12ed25e"
27.4,11.4,18.6,0.0,0.0,28.4,25.09,2023,9,27,"ecf1ae2b-02d4-455c-9102-27c19c5462f2"
28.4,11.0,19.0,0.0,0.0,31.0,26.5,2023,9,28,"0fb3ac04-3027-4b76-b2e1-ec5f357e7a7f"
27.4,10.9,18.9,0.0,0.0,21.3,24.16,2023,9,29,"8ab22419-8b37-4492-83e4-4e07f0737747"
26.9,12.5,19.2,0.1,1.0,20.4,20.4,2023,9,30,"307e4bb5-83d5-4281-a5a7-dd4789c01b7e"
27.4,14.0,19.9,0.0,0.0,17.0,21.03,2023,10,1,"c52d848e-e390-4da1-b917-3dc6ea12e690"
27.4,14.0,19.9,0.0,0.0,17.0,21.03,2023,10,1,"7465a4ae-8d9e-4e8a-a0c6-23385baf5362"
26.6,14.5,18.7,1.2,5.0,14.3,19.56,2023,10,2,"bbd8d499-4a27-4508-aa9e-69fe5092b6d5"
22.9,14.5,17.9,0.8,6.0,11.8,18.71,2023,10,3,"16f03d7c-1f35-4831-ad2b-5a94de20fde8"
24.2,13.1,18.1,0.4,4.0,14.7,21.64,2023,10,4,"a31d1446-cda8-4734-ae46-d6026f4c950c"
26.7,13.5,19.0,5.6,5.0,14.1,22.25,2023,10,5,"69b6d379-b128-4afa-96c7-6b5aa545aca2"
28.1,12.9,19.1,0.3,2.0,19.3,23.23,2023,10,6,"38030e4e-6a95-4a03-baea-42d5b665e494"
24.8,14.4,18.3,0.6,6.0,27.5,16.93,2023,10,7,"cf5990ff-047a-42d1-afe0-609c88f28177"
19.8,13.4,16.0,4.9,6.0,21.0,9.01,2023,10,8,"13cca106-3338-47bb-b058-615765dbe5d2"
22.3,12.2,16.2,1.9,6.0,26.9,14.43,2023,10,9,"c978140b-7574-427a-8210-c7953c825b9c"
22.2,13.4,17.0,4.7,13.0,26.0,21.43,2023,10,10,"1c04b359-6724-41f1-8b96-1cc7c1de4ab9"
21.8,14.0,16.8,0.0,0.0,31.3,15.99,2023,10,11,"3744f081-368a-449d-b4ec-5e3dea763d13"
23.3,10.4,16.7,0.7,2.0,20.3,23.3,2023,10,12,"9005790d-22c9-4add-af4b-ab220726abb7"
24.3,10.5,16.9,5.2,3.0,20.8,20.28,2023,10,13,"ac53ed8f-fa84-49f9-b4df-3323c2ba83f3"
27.2,13.0,18.6,0.7,2.0,13.2,20.91,2023,10,14,"35571502-c74a-4a6b-81a4-2a13f5d15294"
23.6,13.5,17.1,0.4,2.0,25.4,13.05,2023,10,15,"e9a78047-a2eb-418c-91fb-50696bab98f6"
21.6,11.7,16.1,0.0,0.0,14.8,15.15,2023,10,16,"b72c62c3-da1a-43d8-9d7e-312148867513"
22.0,9.2,14.5,0.2,2.0,11.7,19.8,2023,10,17,"2b504ddb-b3c9-41e9-81fb-bb3a634cf43c"
24.3,7.6,15.6,0.0,0.0,21.4,21.94,2023,10,18,"e244fe00-acba-4be7-9031-5a41e7d166ed"
26.7,10.8,18.0,0.0,0.0,13.0,22.68,2023,10,19,"15a98a64-c0d1-4954-8894-aa650f208718"
25.8,10.6,17.4,0.0,0.0,9.2,21.84,2023,10,20,"e65a85e2-c74f-4d0b-86a6-9c9044d096f5"
26.4,8.5,16.9,0.0,0.0,24.4,22.96,2023,10,21,"c92ac696-0580-4a61-a5a0-200bf61544b2"
25.6,10.2,17.5,0.0,0.0,28.0,22.5,2023,10,22,"18c8b6ed-2a84-4666-b1c3-3f5066243e68"
25.0,10.7,17.5,0.0,0.0,28.0,21.05,2023,10,23,"9cbf3ec9-f3f7-4821-b791-fa5cc500c0bb"
24.0,11.2,17.6,1.4,4.0,24.7,18.86,2023,10,24,"755ff9dd-0970-4b93-90c5-fed88c7a8a41"
16.9,12.3,15.0,4.9,14.0,10.2,7.6,2023,10,25,"850b53f6-d6c6-41fe-add0-8923008b9b71"
23.0,10.2,16.4,0.2,2.0,20.7,18.43,2023,10,26,"7b180fa9-cc44-463f-876e-c4c0ef29ad8f"
23.8,11.5,16.8,0.6,4.0,13.5,21.41,2023,10,27,"eec4413a-c704-4439-a395-dae1cb637dc0"
24.6,10.5,16.7,0.0,0.0,12.2,21.01,2023,10,28,"3f553c54-e7d3-4284-b708-9228fa7a61c1"
25.3,12.0,18.0,0.0,0.0,11.2,21.71,2023,10,29,"b33416b8-0ed9-4d23-a279-d5674ca69d06"
24.5,8.5,16.4,0.2,2.0,15.5,20.89,2023,10,30,"b6090869-375d-46e4-bac7-0b34e93b6407"
24.6,8.8,16.6,0.0,0.0,10.3,19.83,2023,10,31,"06160e1b-52c8-4e20-bd18-4b45dc418c78"
21.5,7.8,13.8,0.0,0.0,13.2,17.1,2023,11,1,"e2a7dfb7-bd7d-439c-892f-d1fe5c056cc6"
22.0,6.4,14.2,0.3,2.0,11.1,17.01,2023,11,2,"377ba25c-1338-4a75-bb31-fb1cc2a858e6"
25.4,7.8,16.4,0.0,0.0,21.0,19.21,2023,11,3,"4ac110f1-09c3-4135-a21e-08d80cf1e8c8"
25.1,6.9,15.3,0.0,0.0,28.4,21.74,2023,11,4,"f4fc95c7-217f-4255-93b8-305f85a37985"
25.0,7.1,15.2,0.0,0.0,9.2,22.55,2023,11,5,"6d92fd09-c1b4-4a2f-b5fe-85469ef38c12"
26.1,8.6,17.2,0.0,0.0,15.8,20.43,2023,11,6,"8f4ec234-fcf6-4b71-ab53-87f74f2f64b3"
26.4,9.8,17.8,0.0,0.0,21.4,20.52,2023,11,7,"29e42e81-4bc1-4653-b610-615f3ed8d925"
26.9,11.7,18.9,0.0,0.0,22.8,18.75,2023,11,8,"c241d8ec-5eac-4f40-a085-5cf224b986b2"
24.9,11.6,17.6,8.9,7.0,21.2,17.79,2023,11,9,"e64f3231-a425-4d12-b1b9-14803a51321a"
24.9,10.9,17.3,1.6,3.0,17.0,18.83,2023,11,10,"5a97b910-1d74-46b6-a36d-7882ad61f54c"
23.8,12.1,17.3,0.0,0.0,17.5,17.71,2023,11,11,"9ed32a8d-0d30-4f73-a739-ce911abb937b"
23.5,9.9,16.3,0.8,4.0,19.4,18.65,2023,11,12,"e7af83d2-c9df-418f-8cfb-dd1d87da7895"
24.0,13.0,17.1,1.3,8.0,14.7,15.52,2023,11,13,"a221694f-22e4-44d4-b045-be123899a216"
23.4,12.8,16.4,3.5,12.0,19.7,14.34,2023,11,14,"256a95db-5c4e-4f06-b79b-f007a8be7b04"
24.5,9.9,15.8,0.2,2.0,14.0,21.19,2023,11,15,"2be5f61a-b865-4efe-b4c6-31c30379dec8"
24.4,4.7,13.7,0.0,0.0,11.8,22.43,2023,11,16,"3dca1232-fa05-49e5-850e-3475d7128f1a"
26.6,6.0,16.0,0.0,0.0,15.9,22.02,2023,11,17,"227ecc8b-8192-4165-abe3-b90ffd68c6c0"
26.3,6.5,16.5,0.0,0.0,15.3,21.89,2023,11,18,"34d1c36c-ea42-4a3a-8574-beb5e1aa038a"
27.4,7.6,16.6,0.0,0.0,13.4,21.59,2023,11,19,"eb5a84de-95d6-4752-9832-4468ddf7f28f"
26.1,10.0,17.3,0.0,0.0,20.2,19.1,2023,11,20,"0d10e9c5-40c7-4a43-85db-2789282b62f2"
23.3,10.0,15.9,0.5,4.0,20.6,17.77,2023,11,21,"eaf9f388-7260-4765-8217-823192951cce"
18.8,7.8,12.7,8.0,8.0,27.7,15.29,2023,11,22,"46c8283e-eba7-4e18-a22d-bb3ec17c73e7"
16.7,11.1,13.2,3.0,5.0,32.2,8.47,2023,11,23,"532a21f8-5ae8-430d-b572-6a94d740f25a"
21.9,6.3,13.4,0.0,0.0,17.6,21.57,2023,11,24,"1d52a2ac-ed76-430a-9dc9-633c8ec3b6ad"
21.8,5.7,13.4,0.0,0.0,27.8,21.16,2023,11,25,"d4592d0e-b3c8-4202-b18d-cf3741ec7252"
22.9,7.6,14.8,0.0,0.0,14.2,19.58,2023,11,26,"b6bb7567-2f76-42b6-bdf3-f23c31b14978"
20.0,8.8,14.3,0.0,0.0,19.1,13.35,2023,11,27,"ca6e98a7-5df5-4efe-8fc9-5f849273e254"
22.0,8.8,14.6,0.1,1.0,12.9,12.83,2023,11,28,"d15b7144-d32b-4141-884c-249967de560e"
20.6,9.2,14.0,0.5,2.0,17.3,15.2,2023,11,29,"48a36a93-57f5-43aa-9c35-3d787127b3ee"
21.6,7.2,14.6,0.2,1.0,28.7,18.53,2023,11,30,"12c4e99d-0765-46cf-9860-6c112de89bed"
23.1,8.5,15.1,0.0,0.0,25.1,17.33,2023,12,1,"526484a6-e749-4149-9c30-dcdda5cd07ad"
23.1,8.5,15.1,0.0,0.0,25.1,17.33,2023,12,1,"f733cd8b-0cb6-4cdc-a788-17209951cdc2"
20.9,11.9,15.9,0.3,1.0,20.0,12.45,2023,12,2,"73b01c36-f388-4c66-ac97-a5fb117d274b"
22.0,11.5,15.6,1.4,2.0,13.0,16.19,2023,12,3,"9967b6d5-fac2-4163-8f63-c84d76319bcd"
20.5,11.6,14.8,0.1,1.0,9.4,14.25,2023,12,4,"1fa71ad8-72cf-4c84-9c42-b8a978fc8d98"
20.4,10.4,14.3,0.0,0.0,9.3,13.95,2023,12,5,"05c918a4-5d2c-48fd-baba-75ced5cfa8cc"
19.0,10.6,14.1,0.4,4.0,10.2,10.59,2023,12,6,"4599ab5c-593b-4841-8d93-d2471a2dbca9"
20.3,9.6,13.0,4.5,6.0,13.7,13.82,2023,12,7,"f76918c3-dd7d-458f-a830-c6920ff6f195"
20.5,7.2,13.5,0.0,0.0,9.3,17.68,2023,12,8,"7f5ba8b5-0b46-4963-9049-040612fb8beb"
21.2,8.0,14.0,0.1,1.0,12.2,18.36,2023,12,9,"b3f0cea7-06b7-476f-8fca-07b383a8e822"
19.1,7.1,12.8,0.0,0.0,18.8,12.81,2023,12,10,"d37962b9-cdbe-4a0e-8480-6a9da0495a97"
13.8,7.0,10.5,7.0,16.0,10.2,6.44,2023,12,11,"d3d0aee6-b631-4249-9eb0-b335fe5bea8d"
18.1,7.8,12.1,0.4,1.0,7.7,16.64,2023,12,12,"71e54f02-b736-4930-8d41-300c05b23697"
16.7,7.7,11.7,0.1,1.0,7.6,11.39,2023,12,13,"e947f708-740c-474c-a348-605b31301092"
20.8,9.7,13.8,0.0,0.0,15.9,13.17,2023,12,14,"c4351029-00cb-42b0-81fe-76e22e386962"
20.4,9.8,13.4,4.4,5.0,11.8,14.35,2023,12,15,"f463abe5-7f5b-401f-b561-ae77855aeb49"
18.8,8.3,13.2,1.2,7.0,12.7,15.69,2023,12,16,"65b70716-963e-492b-84fa-cfdcfc985b7b"
20.3,8.4,13.3,0.0,0.0,14.8,19.54,2023,12,17,"4e3d4a11-95f2-40b8-bbf5-4050488ed26e"
20.2,4.2,11.6,0.0,0.0,9.4,20.37,2023,12,18,"fb19124d-3825-410c-afb4-6e4ce5ddcb9e"
20.2,3.7,10.3,0.1,1.0,7.0,18.99,2023,12,19,"aad6ae81-2114-470b-8cb2-eefefae14163"
21.7,2.9,11.8,0.0,0.0,14.1,20.22,2023,12,20,"d9fa9d85-e2ff-4936-9437-5b6fd4b82904"
22.1,3.9,12.5,0.0,0.0,10.1,20.03,2023,12,21,"c5105589-ff2b-4081-b1ef-98dbf5234beb"
22.3,3.6,12.7,0.0,0.0,11.5,19.67,2023,12,22,"745d37ab-1c9e-418e-8471-24f985c9d02d"
21.5,4.7,13.1,0.0,0.0,26.1,17.78,2023,12,23,"27f3588d-99fc-43b4-bce5-fc5b366cb246"
20.7,7.6,13.7,0.0,0.0,29.1,17.32,2023,12,24,"ada199fb-774a-4344-b108-bcfc44021ec3"
20.9,8.6,13.9,0.0,0.0,32.4,17.0,2023,12,25,"aafea026-8138-45fb-b68e-0de8c1051fe8"
20.6,7.1,13.1,1.1,3.0,24.4,14.02,2023,12,26,"33b86dd9-9da6-4875-aba8-a6bd2eb14b07"
16.6,4.9,11.8,0.6,2.0,22.8,9.4,2023,12,27,"e672bcf9-15ad-4aff-b77b-5ac88b722e1c"
19.3,1.1,9.4,0.0,0.0,26.1,20.58,2023,12,28,"24ed6286-cc0e-40ac-b583-8e0828e971aa"
19.0,4.4,10.5,0.0,0.0,25.6,19.66,2023,12,29,"c680492b-b9f9-4d98-9ba8-e58fd5a83ae1"
18.3,2.8,9.9,0.0,0.0,18.7,19.42,2023,12,30,"5408a76d-c020-4136-88f4-641fdf31fc2d"
20.9,5.0,11.6,0.0,0.0,22.2,20.54,2023,12,31,"b9212914-09b3-4a8c-898d-168c19db4606"
20.5,4.5,12.0,0.0,0.0,21.7,20.31,2024,1,1,"a633bb81-e7e6-4363-bfc2-688305f120bc"
20.8,6.5,13.4,0.0,0.0,26.7,18.53,2024,1,2,"a8aceb9e-5345-49dc-b00d-d48352648a05"
22.6,9.0,14.8,0.0,0.0,25.9,19.58,2024,1,3,"7710dcfc-f348-4582-a168-c6b0d410425d"
21.9,8.1,13.9,0.0,0.0,29.9,20.44,2024,1,4,"45b7e2d7-d868-490b-afb8-824ccdf49f4f"
20.4,8.8,14.0,0.0,0.0,33.0,20.46,2024,1,5,"b05ce73a-9996-4284-9799-d162649622d3"
21.6,8.2,14.1,0.0,0.0,32.1,20.52,2024,1,6,"4cc88152-311a-45f5-8e16-62521c76fc30"
21.6,9.6,14.8,0.0,0.0,24.5,15.56,2024,1,7,"b9d3ddab-bb92-46eb-b51f-dfd3505f0990"
22.0,11.3,15.8,0.0,0.0,29.5,18.09,2024,1,8,"9629f6ed-b800-48dd-90c4-1b621e14c4af"
22.2,7.8,14.7,0.0,0.0,23.8,18.64,2024,1,9,"73741cfe-4b11-4687-a7d4-8844ab28c025"
22.1,10.8,15.4,0.0,0.0,32.2,19.78,2024,1,10,"d8ea21e4-9052-49c6-8e8f-83928b359ddf"
24.0,6.6,14.8,0.0,0.0,30.4,19.61,2024,1,11,"ab550432-7b7a-4139-906c-661aaaba29e2"
26.8,7.3,16.4,0.0,0.0,24.5,20.66,2024,1,12,"b9da9e16-d003-449f-939d-0002a14d43e9"
23.2,9.6,15.7,0.0,0.0,29.5,15.69,2024,1,13,"3f3c0bee-4828-4fe8-8d96-b439dd16fb25"
23.4,8.1,15.8,0.0,0.0,21.1,16.88,2024,1,14,"21e2953d-c181-4ddd-b0a4-70da670619f4"
26.2,7.6,16.1,0.0,0.0,16.4,21.22,2024,1,15,"c7997d55-b4a4-485f-9d4a-de85c09b82f8"
24.7,7.3,16.6,0.0,0.0,20.2,20.42,2024,1,16,"21c2c06c-c19c-4f51-828c-0439510d7dc7"
24.3,9.3,16.1,0.0,0.0,22.2,18.65,2024,1,17,"8472c90a-8fe4-493b-8d33-6a0183ec4e00"
25.5,8.9,17.1,0.0,0.0,12.3,19.86,2024,1,18,"7d9d7961-886a-4ab4-b3db-d36e5fac0bbc"
23.3,9.8,16.3,0.0,0.0,9.4,13.17,2024,1,19,"9717ca8e-41ad-4e92-b5e8-cd7590377dda"
18.8,8.0,12.9,0.0,0.0,10.5,10.8,2024,1,20,"04c96194-ff14-42c6-83c0-ecf02490d00e"
20.5,9.1,14.1,0.7,3.0,17.6,12.28,2024,1,21,"5beafeb3-1b73-4164-a6d1-2db2df4ac931"
21.3,6.9,13.4,0.0,0.0,24.7,18.81,2024,1,22,"aaadbb2d-d794-4822-8a67-34c26c9def1a"
22.4,7.7,14.4,0.0,0.0,25.8,20.37,2024,1,23,"b02657da-11bc-44ce-b6b4-74ffb2153571"
22.8,6.9,14.7,0.0,0.0,28.1,21.72,2024,1,24,"7516aa05-c706-4432-97b7-7d470b0395da"
24.2,10.1,15.8,0.0,0.0,27.9,21.64,2024,1,25,"8c1156e4-8852-4c2a-9f97-6e273584962b"
24.7,6.6,15.4,0.0,0.0,21.2,21.19,2024,1,26,"14cca61d-b223-43e5-ac23-e9d107f0b380"
24.4,7.3,15.3,0.0,0.0,20.4,22.51,2024,1,27,"0cd6393f-7c89-4bcd-bf0b-d2f0f559c607"
22.4,9.4,14.5,0.0,0.0,13.0,18.62,2024,1,28,"48949298-fee3-46b8-aaff-b70fcf04da6f"
21.1,6.6,13.2,0.0,0.0,17.0,15.93,2024,1,29,"bdf68a8c-9493-479e-b39b-e2b75b5dbcc6"
22.0,7.7,14.2,0.0,0.0,22.5,14.16,2024,1,30,"9ba3f48f-4b96-4af9-91b2-eea79dfd4e8f"
21.9,10.1,15.3,0.2,2.0,17.3,14.57,2024,1,31,"c3a90fc2-caab-4dd2-ab4f-488733c1d346"
20.5,7.9,14.2,0.0,0.0,10.8,14.9,2024,2,1,"aecc220c-e2b0-4fa3-b2f7-811e89f7271a"
22.8,8.6,14.9,0.0,0.0,29.5,21.66,2024,2,2,"6e3ebece-4474-4e4c-8a68-87a1d051bd4c"
22.4,9.8,15.3,0.0,0.0,30.1,23.68,2024,2,3,"198d3879-3095-4756-8b2c-6552b115704b"
23.9,5.4,14.0,0.0,0.0,11.2,24.18,2024,2,4,"53041811-3bde-4be4-9a4f-55a7e41e22b1"
23.6,3.9,13.4,0.0,0.0,21.3,24.17,2024,2,5,"cbb0591a-c6c1-48e5-b607-b04123f68b43"
25.6,3.3,14.2,0.0,0.0,17.4,24.15,2024,2,6,"9f1c63c6-262e-4aff-914d-8c52eab7027c"
26.3,4.0,15.2,0.0,0.0,23.6,23.76,2024,2,7,"a79832ba-92cb-434f-b5fe-bbd435d4f313"
28.1,7.8,16.8,0.0,0.0,27.1,23.78,2024,2,8,"b113c867-5d60-4e2a-b2be-07a02637c343"
27.4,7.9,16.7,0.0,0.0,29.3,24.13,2024,2,9,"4e510dd2-1ea8-4026-9e82-a4027a95338c"
25.2,9.2,16.5,0.0,0.0,31.6,24.62,2024,2,10,"d039921a-d328-4f1b-8b5d-506871e6ca75"
25.3,9.8,16.9,0.0,0.0,27.2,24.12,2024,2,11,"37dbda45-f640-4f42-bc2c-b4d79c430e7c"
24.8,9.7,17.1,0.0,0.0,29.4,21.09,2024,2,12,"8e814cd3-abea-4a61-8f34-acf6e6d982d1"
24.0,10.2,16.5,0.0,0.0,28.0,20.34,2024,2,13,"0ad91965-57aa-4fe7-a88f-47a34ff6c347"
23.4,8.4,15.9,0.0,0.0,21.2,19.2,2024,2,14,"8ff818aa-044b-4029-94da-161dc8c42090"
25.7,9.2,16.9,0.0,0.0,23.9,20.31,2024,2,15,"b62102d3-b224-407c-93dc-97190a05a72d"
22.5,8.0,16.2,0.0,0.0,26.8,21.41,2024,2,16,"61e1025e-0a4e-4559-b398-01ba3b8a75f2"
15.8,5.6,11.7,13.7,13.0,33.1,9.07,2024,2,17,"2f74e9de-24cc-47a2-8543-15dc8a5420f8"
19.6,4.4,10.8,0.1,1.0,13.1,24.56,2024,2,18,"ce68fada-9af6-4f70-95ce-8e690d59084c"
24.0,3.9,12.6,0.0,0.0,16.7,25.68,2024,2,19,"dc6365ee-6b8a-41f2-8fef-7c230241f94f"
25.2,4.7,15.1,0.0,0.0,19.6,25.97,2024,2,20,"4773261c-4c48-4efd-badc-220341d3e7b2"
25.7,5.3,15.1,0.0,0.0,9.6,25.93,2024,2,21,"1a01f13c-6487-4fc7-a5d8-7179c3309971"
27.8,7.0,16.9,0.0,0.0,16.3,26.48,2024,2,22,"4b445f01-0347-4ed5-bc5a-e74d6753f234"
28.2,7.1,17.0,0.0,0.0,16.6,26.28,2024,2,23,"74971ef8-6f1d-4b81-ad46-fcd3571c10a9"
27.4,9.1,17.5,0.0,0.0,10.2,25.29,2024,2,24,"6fd7ff9a-c7c3-4b94-ab1a-5b10564dc100"
28.9,7.8,17.9,0.0,0.0,22.5,26.11,2024,2,25,"70872019-f6d5-4c18-8986-5c31dba471da"
29.1,6.7,17.7,0.0,0.0,18.3,26.41,2024,2,26,"358507ca-4af4-49d5-9b36-99a57d12ea52"
28.3,8.2,18.4,0.0,0.0,22.6,26.19,2024,2,27,"495a8596-2446-4881-83c1-5b7aaea14556"
28.6,9.7,18.7,0.0,0.0,25.1,25.34,2024,2,28,"dc88ddd2-c82c-4b0b-9da8-178c86534f58"
27.7,10.0,17.8,0.0,0.0,23.1,26.37,2024,2,29,"e101ea26-50d6-4625-9ba8-d76a1043f9b0"
26.8,10.0,18.3,0.0,0.0,22.6,25.44,2024,3,1,"63996c51-2bb2-44f8-a594-81739c83a758"
26.2,9.6,18.0,0.0,0.0,25.5,25.76,2024,3,2,"37eec069-b7b3-42ff-9e35-517c5b5f0f15"
26.8,10.0,18.3,0.0,0.0,22.6,25.44,2024,3,1,"406cc703-0f7d-4309-8257-75fb29a668ad"
26.2,9.6,18.0,0.0,0.0,25.5,25.76,2024,3,2,"fc4905e2-6e71-4985-9f38-c8cd37314f15"
26.5,10.1,17.9,0.0,0.0,26.8,26.49,2024,3,3,"60b38d71-0f98-4c10-a2d1-a6a605a1f862"
26.5,11.1,18.2,0.0,0.0,32.2,26.54,2024,3,4,"a9acb4d6-e833-439b-a195-6af36bd14663"
26.9,9.1,18.4,0.0,0.0,24.2,27.24,2024,3,5,"f5cbbf0f-cb7a-40e6-b5d4-f0c813aedecf"
27.8,9.3,18.1,0.0,0.0,25.9,26.84,2024,3,6,"517539ab-2ef5-4e09-abcb-72ceac1a0ac1"
28.1,11.6,19.3,0.0,0.0,31.7,27.45,2024,3,7,"028f04a6-fcbc-4174-a1c3-3345a1a0959d"
30.2,9.5,19.6,0.0,0.0,32.0,27.81,2024,3,8,"9363dc54-df7d-4431-a897-e72035964ad3"
30.5,13.3,20.3,0.0,0.0,27.4,28.0,2024,3,9,"eb1a8f81-7d1d-401d-b0ff-0e11f3385617"
27.7,9.8,18.2,0.0,0.0,28.0,27.1,2024,3,10,"40d21658-7ef1-4cea-a7e8-4933afecadcb"
27.8,10.0,18.4,0.0,0.0,26.7,25.95,2024,3,11,"9da7550a-f112-4a06-9a96-968fffeefd45"
27.5,10.8,19.3,0.0,0.0,18.4,25.74,2024,3,12,"666e0a06-8483-4527-922e-3837fc1363cd"
27.1,12.6,19.7,0.0,0.0,22.6,25.7,2024,3,13,"8c773344-00e2-4bd8-a34f-99722c7dd690"
28.7,10.7,19.8,0.0,0.0,26.7,27.59,2024,3,14,"44db6063-d708-47c7-ac40-9b60b822220c"
29.0,11.9,20.0,0.0,0.0,24.3,27.12,2024,3,15,"f21f0818-f8cb-4ec6-97c5-c662dc45de86"
28.8,11.1,19.5,0.0,0.0,27.1,27.45,2024,3,16,"fde1e1db-ace9-40f7-af32-31213cbe2c64"
28.6,12.3,20.3,0.0,0.0,26.2,24.0,2024,3,17,"9b740c35-a68a-4c0f-b10a-876600c739a5"
28.8,11.5,20.2,0.0,0.0,35.2,27.35,2024,3,18,"c4b9be8b-25e2-4488-92e0-62fba9b72f6c"
27.7,12.6,19.6,0.0,0.0,28.7,23.72,2024,3,19,"58cb2be5-e3a4-4625-a272-b1031a312022"
28.5,13.8,20.8,0.0,0.0,23.3,24.22,2024,3,20,"df10354a-4760-4173-929f-0ccc724efc87"
27.8,12.4,20.0,0.0,0.0,25.3,27.01,2024,3,21,"f8b56e65-a2ce-40b6-b707-69541151a479"
29.3,12.0,20.2,0.0,0.0,30.2,28.56,2024,3,22,"5753f4fb-0e89-42e1-b01c-160d792a0611"
28.3,11.5,19.5,0.0,0.0,25.6,28.31,2024,3,23,"dd453cbb-3809-476b-8b3e-80d1895272d6"
27.6,11.6,19.2,0.0,0.0,35.0,29.7,2024,3,24,"e9fd47ab-b5c8-41b6-9e81-998cffcc3f51"
26.6,11.1,18.5,0.0,0.0,37.4,26.45,2024,3,25,"b175c966-6eca-4c4d-91a0-89be371e73fc"
27.3,9.4,18.7,0.0,0.0,30.5,29.24,2024,3,26,"f51921d9-abd2-4c4b-9c7a-51c1068eac22"
28.7,10.8,19.4,0.0,0.0,23.8,30.29,2024,3,27,"145cec46-dda4-4c87-88c5-187d862eb94f"
27.5,8.1,17.1,0.0,0.0,26.8,28.58,2024,3,28,"a7553531-aa93-4f9d-937e-6e0b53982635"
28.6,8.9,18.7,0.0,0.0,27.2,29.39,2024,3,29,"3cda25fd-6af2-4a50-9878-c5364c813f8a"
28.8,12.8,19.9,0.0,0.0,32.2,28.57,2024,3,30,"f3b513f4-9565-4cd1-85be-740ee1d499b6"
28.3,11.6,20.0,0.0,0.0,24.5,25.49,2024,3,31,"c3964da0-da52-459f-8be1-0e22efe01db6"
29.1,12.3,20.5,0.0,0.0,27.3,29.21,2024,4,1,"209b1fd2-0116-47cc-b0bd-814aac36865e"
29.6,11.6,20.7,0.0,0.0,30.4,28.84,2024,4,2,"0637d0d1-d4fc-470e-873a-d6c2fbebb8d1"
29.2,11.5,20.3,0.0,0.0,27.9,27.21,2024,4,3,"a4152ea3-b1bd-4cc1-abef-005ab32183ee"
25.3,11.8,18.6,0.0,0.0,31.5,25.01,2024,4,4,"76e02ad6-7dc7-4c75-b37d-6c4553ce0fd2"
27.4,11.9,19.2,0.0,0.0,22.8,29.44,2024,4,5,"446d0f4f-34a5-418e-851b-87352c244385"
27.7,10.5,19.5,0.0,0.0,25.6,29.1,2024,4,6,"34570f2f-c7fa-4737-8376-70af8660b291"
27.6,11.0,20.0,0.0,0.0,23.8,26.4,2024,4,7,"e7bf1f1b-b1f8-405d-b1da-40ad9e1f1228"
29.2,15.8,21.4,0.0,0.0,23.5,27.37,2024,4,8,"94ad28fe-4f6e-49bf-b851-446eaae7f8d3"
28.0,13.4,20.5,0.0,0.0,25.4,29.44,2024,4,9,"14d8ddf1-c5e4-4cfb-ae87-9bce5b6b0199"
27.2,14.0,20.2,0.0,0.0,26.8,28.05,2024,4,10,"84edde4a-737b-42c7-a7c9-d6d0ceb26659"
27.6,10.1,18.4,0.0,0.0,21.9,25.94,2024,4,11,"d20b9634-a82a-4b3a-ac0d-9a196a1cc711"
28.5,9.2,18.3,0.0,0.0,21.5,26.66,2024,4,12,"6a23efc6-b32d-4361-b984-a3a6f001041c"
31.6,10.9,20.1,0.0,0.0,25.3,28.3,2024,4,13,"00bdc41e-84c6-40b3-9be9-bcd8e5029a95"
31.1,12.9,21.6,0.0,0.0,26.3,28.14,2024,4,14,"597caf70-aabd-44b6-abbc-fc61104c7dd3"
30.4,12.6,21.7,0.0,0.0,26.9,26.48,2024,4,15,"9677b471-b014-4348-9ddb-65ac5ba907e7"
31.4,13.6,22.4,0.0,0.0,28.5,27.05,2024,4,16,"55534f48-0bd2-4d4b-81fb-43486c230878"
30.8,13.2,22.3,0.0,0.0,27.2,27.81,2024,4,17,"cb7c2e69-b918-4906-980d-b50cde82863e"
30.2,14.4,22.1,0.0,0.0,23.7,26.58,2024,4,18,"35db38b9-8eed-4d4b-ad71-e336bf8938a1"
29.2,14.5,20.2,1.7,5.0,27.0,22.13,2024,4,19,"e702d371-7e2d-4ce0-952a-9429dd80545c"
29.2,13.2,19.8,2.8,4.0,22.0,22.69,2024,4,20,"fdd78e0b-b90e-4021-8c93-ea6ec4809bc2"
28.6,12.1,20.1,0.0,0.0,19.4,27.91,2024,4,21,"b059d6c7-2ca1-4fb6-afa9-56801f59390d"
26.2,12.1,17.9,1.4,1.0,24.3,24.08,2024,4,22,"77798cf0-87c8-4b6b-a6b9-c3a52d48492d"
26.1,11.5,19.2,0.1,1.0,12.7,26.96,2024,4,23,"6c5b1c2e-f9bb-4a12-94c1-062020508c6b"
28.5,11.3,20.3,0.0,0.0,15.1,27.24,2024,4,24,"3960261a-5eb9-4dca-8eab-fd4f0ca45962"
27.8,12.2,20.2,0.0,0.0,25.6,22.16,2024,4,25,"e171f2ea-1eb6-4955-aa57-15234fc4566f"
28.6,13.9,20.4,0.0,0.0,20.0,23.64,2024,4,26,"4beee3d9-59ce-4c28-b7a1-1d7ee91c8432"
28.2,11.8,20.4,0.0,0.0,18.2,27.38,2024,4,27,"95a34c82-bb1c-4509-836b-859402d96258"
28.2,12.1,20.7,0.0,0.0,20.6,28.37,2024,4,28,"22e9a6a2-3f83-4b58-a788-a85fd65d938a"
29.0,11.8,20.7,0.0,0.0,23.2,29.26,2024,4,29,"d7cd1000-0687-4476-8df0-a1caf99cc50e"
28.9,13.8,21.4,0.0,0.0,23.0,27.98,2024,4,30,"088c1d5f-4398-4a0a-9716-02081392b90f"
28.9,14.4,22.0,0.0,0.0,24.4,26.45,2024,5,1,"891a833c-8b71-4f6c-bd80-4d866a3a52a7"
28.9,14.4,22.0,0.0,0.0,24.4,26.45,2024,5,1,"953f5076-7252-4849-8114-462455680df5"
30.4,14.5,22.0,0.9,3.0,18.7,27.27,2024,5,2,"64e62993-2775-4d09-a8d0-c2c38f583afe"
32.1,14.2,23.0,0.0,0.0,21.5,28.8,2024,5,3,"580f39e6-a50b-46a8-beba-59dba130744d"
32.4,14.4,22.9,0.3,1.0,27.8,27.78,2024,5,4,"b382a093-a6d9-4312-ba8f-4253ad9fcfd3"
32.7,15.0,23.3,0.3,1.0,23.4,27.67,2024,5,5,"ca5b841b-ed4f-4006-8e4c-70f98eab7deb"
32.2,15.3,23.0,0.8,2.0,24.8,26.94,2024,5,6,"b1eb8063-0ace-4260-b4c6-4c90b65b3adf"
32.4,14.9,23.5,0.0,0.0,27.1,25.78,2024,5,7,"38fd34ff-bc90-4e80-85f0-7d6dcad7d420"
31.5,15.5,23.6,0.0,0.0,15.5,24.94,2024,5,8,"3370a254-5f18-4da8-95a1-5c9ac986e045"
32.6,15.9,24.2,0.0,0.0,22.7,24.45,2024,5,9,"04eabf2f-8efe-438c-b67f-66386c836a52"
34.7,16.2,24.9,0.0,0.0,18.7,26.25,2024,5,10,"84ef4767-c2b8-415d-939b-b9151e144bd5"
32.6,14.1,23.4,0.0,0.0,24.1,26.98,2024,5,11,"7694ba98-19d2-494e-8a34-4c8d27f26a9d"
30.8,17.0,23.8,0.0,0.0,27.2,25.66,2024,5,12,"fe0ea9c5-095e-4f7f-9c0e-90dad20f6e5b"
31.0,14.9,23.1,0.7,2.0,21.3,26.55,2024,5,13,"74c4d7ff-79da-49d2-988a-641ebd515526"
31.5,14.3,23.5,0.1,1.0,20.8,27.86,2024,5,14,"58f9f415-43e4-4562-9ade-1bf6160bde9e"
30.0,16.3,23.1,0.0,0.0,26.4,25.78,2024,5,15,"c7f54897-fe42-4cbc-9ae4-0b92f79e6ed8"
30.6,15.3,22.3,0.7,1.0,28.8,26.13,2024,5,16,"33e9435b-92ce-4871-a984-0fca6e564947"
32.6,14.6,23.2,0.0,0.0,26.1,26.09,2024,5,17,"0d15ed54-773c-457d-a8fc-e043993ce4ea"
32.4,14.3,22.6,0.0,0.0,30.7,25.5,2024,5,18,"9861a493-41f7-4c75-8923-c6e574842339"
31.2,15.2,22.4,0.1,1.0,17.3,27.7,2024,5,19,"93d156f2-0863-4ea4-a5ad-2db44b246da1"
33.3,14.0,23.1,0.0,0.0,27.7,29.42,2024,5,20,"e1bcecfe-3837-41b2-be18-8a903b221b6a"
33.2,12.9,22.8,0.0,0.0,25.3,30.65,2024,5,21,"18aa5d58-1624-49ae-9407-7b5c77edd78c"
32.0,15.6,23.2,0.1,1.0,25.7,26.88,2024,5,22,"58d30abf-f5a2-4d74-b047-0744ecd34ac7"
32.3,16.1,23.8,0.3,2.0,26.9,26.97,2024,5,23,"e4644734-85f8-4551-b619-823a45afef58"
32.5,16.5,22.6,3.9,3.0,30.2,24.58,2024,5,24,"6cebf4ba-ffe5-40a9-b4b8-1b2abd29ddda"
33.8,14.1,22.5,0.1,1.0,19.2,26.42,2024,5,25,"41b00e66-50f0-49cb-80a8-3381d3670890"
32.6,16.3,22.5,5.8,6.0,33.6,26.07,2024,5,26,"a4c385a1-e4e1-404e-8ad7-0e26f99da181"
33.0,13.6,22.8,0.4,1.0,24.7,28.26,2024,5,27,"5ef587f3-2c1e-4589-bc1e-0ac14bbff841"
30.1,15.0,22.9,0.1,1.0,20.6,28.17,2024,5,28,"f20dcc78-c4cd-4d7d-8977-575f095cfd6f"
27.0,15.2,19.4,2.4,12.0,30.3,18.91,2024,5,29,"e7736165-3c8e-4436-a2ec-ab1c2545d7f3"
30.3,15.5,21.7,0.4,3.0,25.1,25.77,2024,5,30,"df5ab4a1-f817-4324-b1e7-8514538fbf09"
33.4,13.6,22.4,0.0,0.0,24.2,27.25,2024,5,31,"a9e80bc2-b8a6-4682-9239-24fb47cac566"
33.2,13.3,23.3,0.0,0.0,17.1,28.9,2024,6,1,"4489bb9b-d5d1-46b1-be86-d5d98980399b"
33.1,12.3,22.8,0.0,0.0,26.5,28.76,2024,6,2,"2b527273-e0ff-439d-bcdf-ea7827ee29b4"
32.5,13.6,23.1,0.0,0.0,27.4,28.32,2024,6,3,"7f509f3f-8255-4eaf-b85d-437a9e6cd3c0"
30.9,14.8,22.0,0.5,1.0,28.2,24.14,2024,6,4,"117e8975-f2e6-4e6a-baf0-935ab66d92fe"
31.0,14.3,23.0,0.2,2.0,13.9,25.9,2024,6,5,"00de98af-e34f-43a0-b02e-036795995e4f"
32.1,13.5,22.8,0.0,0.0,17.1,24.93,2024,6,6,"f961fd58-5957-4944-aea8-b647ecf04a0b"
31.6,14.4,22.5,0.0,0.0,27.8,26.25,2024,6,7,"a4d9c3cc-5172-4cb0-ad06-e2c2d7168892"
28.8,13.8,21.3,0.0,0.0,30.3,24.68,2024,6,8,"03e4ccbc-787c-4d3e-adce-77a59696d9b0"
26.9,13.7,20.2,10.3,6.0,13.8,18.79,2024,6,9,"b980b657-291f-42e9-ad3e-7b9a789da71a"
30.9,15.7,21.8,0.0,0.0,24.2,23.21,2024,6,10,"77433535-73aa-4fe1-b0f9-94cdd2d310c7"
32.0,13.9,21.6,0.0,0.0,20.2,26.96,2024,6,11,"d6ba6d31-bf9f-45c0-bf40-62e01cb59528"
31.1,11.9,21.5,0.0,0.0,29.1,29.22,2024,6,12,"e566902a-d33b-4681-a05e-f92f4501b1f6"
30.3,12.4,21.8,0.0,0.0,29.9,27.27,2024,6,13,"b909353d-7d96-4c3d-aade-01e00713146c"
29.6,15.0,21.3,0.0,0.0,26.7,24.6,2024,6,14,"bb5bd3cc-3f4c-401e-932e-dc8ee80261d5"
29.9,12.8,20.8,0.0,0.0,23.6,27.9,2024,6,15,"4d4e2be6-8e28-4530-8809-70f36a749f9c"
30.0,13.6,21.0,0.6,3.0,22.7,29.86,2024,6,16,"5596d6c0-b0d3-4075-9656-22e8252ff96b"
29.8,11.4,20.8,0.0,0.0,22.5,31.33,2024,6,17,"2beeaf30-e71c-4848-afe5-bc44259d7fd4"
30.7,11.9,21.5,0.0,0.0,24.0,31.27,2024,6,18,"dabc4a7b-88db-4cc0-b6d8-b27418ff9cfe"
29.5,12.5,19.7,2.3,4.0,23.4,23.29,2024,6,19,"bed8254c-5f5f-47b7-a925-4be91f184a15"
23.6,14.4,17.9,24.9,20.0,22.1,13.88,2024,6,20,"4fc1b37d-37ca-4383-91bf-5d9395e34d89"
24.9,13.6,18.4,3.1,3.0,22.5,25.11,2024,6,21,"5e0e9b99-7b73-484a-b5b9-5247446be9dd"
22.3,13.9,17.1,3.5,11.0,14.8,16.87,2024,6,22,"41013c52-14dd-4eb3-baa6-2bf6bc71fd0e"
22.9,13.7,17.5,14.7,9.0,13.4,18.78,2024,6,23,"1ab5c07f-7e67-41c9-82a9-b4a095bfbcfc"
22.0,11.7,16.5,17.6,13.0,11.3,19.26,2024,6,24,"4141c597-9c6b-48cc-9aa9-2c3951af00b7"
20.9,14.5,16.7,18.5,18.0,13.8,17.06,2024,6,25,"8defa7ae-5d27-4451-b7f7-0f1b95ad93a8"
20.7,12.7,16.8,2.6,5.0,14.5,18.27,2024,6,26,"1bbf61c0-5aa9-402d-a50d-a906dda78f0e"
21.3,11.0,16.2,4.9,7.0,16.6,18.95,2024,6,27,"01d85a5d-d499-466b-bf2a-b612bd4f027c"
20.9,12.6,16.8,0.8,6.0,14.4,17.19,2024,6,28,"4670d6ff-f83c-41a8-ac45-5e98ec4859e9"
22.7,14.1,18.0,0.9,3.0,11.5,23.57,2024,6,29,"b3c0879a-1fc4-4e15-adf1-6a2a36625a1a"
21.6,11.8,16.5,11.1,16.0,20.4,17.61,2024,6,30,"c1dbaa46-d0ec-43a3-a290-e811a1f49b4a"
18.1,14.3,15.8,26.3,17.0,11.4,9.59,2024,7,1,"a3acfff9-b8d8-4db0-88ec-51cb44aabfee"
18.1,14.3,15.8,26.3,17.0,11.4,9.59,2024,7,1,"35821b46-306b-44d8-a263-78c308fc71e0"
21.5,12.7,16.5,0.5,5.0,14.8,24.57,2024,7,2,"c616f72f-1c41-4d10-b5f5-109b19405f71"
20.0,10.7,15.6,0.2,2.0,11.8,19.99,2024,7,3,"738b382d-8de9-4cd5-9f80-756839fdfeae"
22.7,11.5,16.5,4.9,5.0,15.1,26.41,2024,7,4,"b4c27c7a-1bd5-4ade-99cd-3dcfb35378e0"
24.6,11.6,17.7,0.3,3.0,14.6,26.33,2024,7,5,"30b3f396-09be-4e4f-9ce4-3b327623f2ce"
23.6,11.6,17.7,0.1,1.0,15.3,26.05,2024,7,6,"b3328755-a7a5-4909-92dc-6b891c17464a"
24.2,10.5,18.1,0.0,0.0,10.9,26.51,2024,7,7,"b1e4fdeb-7c05-49d1-8d65-14e0f7907acd"
25.6,12.1,18.5,0.0,0.0,13.6,26.07,2024,7,8,"e5855532-1c2a-4bea-a7c8-3533a407c4b2"
24.5,13.0,17.8,3.3,5.0,17.1,23.59,2024,7,9,"4c229eaa-e052-4112-88db-2dcd3f96e82c"
18.5,13.7,15.8,18.4,21.0,16.0,10.96,2024,7,10,"f0901887-37ea-44c9-a1c6-859a17d09c5f"
19.4,13.3,16.2,11.0,11.0,10.5,16.82,2024,7,11,"e2db0895-02c0-44cd-aa83-e73d1cbb9b6f"
21.4,12.8,16.2,10.5,3.0,9.0,24.06,2024,7,12,"de50dacf-2bf5-406f-a59e-2674ee67726b"
20.7,12.0,16.1,1.2,8.0,14.8,23.53,2024,7,13,"eb51a718-09cf-4583-8a0c-6da17ddbb459"
20.7,11.5,15.7,6.2,6.0,20.2,21.33,2024,7,14,"b93dd6b5-1f48-45cd-be13-3431d54fa968"
20.9,12.6,16.7,0.0,0.0,17.2,21.05,2024,7,15,"d5de6695-c3a5-44aa-a4f7-f8c665eca164"
23.3,10.5,16.8,0.3,2.0,13.1,23.83,2024,7,16,"23a692bd-3bb0-40c6-b261-b870bd60b740"
23.2,12.0,17.0,9.4,10.0,15.5,24.44,2024,7,17,"527db7e6-ff1b-4274-b017-d1373ebe2043"
21.2,13.1,16.5,3.2,14.0,10.2,16.39,2024,7,18,"139023c3-7f01-4b3a-9e94-c1e0a0edf31b"
21.7,11.1,16.3,1.6,7.0,12.0,19.56,2024,7,19,"193df4b9-2db9-4467-8bc3-116d716496a8"
20.1,13.2,16.3,7.8,11.0,10.2,17.87,2024,7,20,"e8344b3b-026e-4d95-a610-ace265c25e01"
23.3,14.1,17.4,4.0,10.0,16.7,24.04,2024,7,21,"f8beb06e-ab11-4844-afb5-1e68026fd342"
20.9,12.4,16.0,0.4,3.0,8.9,15.93,2024,7,22,"733badfa-542e-4843-a8bf-1c56531e639d"
22.1,11.4,16.5,10.4,5.0,11.2,20.21,2024,7,23,"dfc515bd-e923-4aee-b7e0-9a79a79da5f0"
20.8,12.1,16.4,2.3,6.0,14.4,17.59,2024,7,24,"44696bac-6187-4887-a28a-ad37ae586316"
22.2,13.2,16.8,4.6,5.0,12.9,23.94,2024,7,25,"1c4d5600-7410-4c4b-956a-b57064ba7fc3"
22.1,11.8,16.7,0.2,1.0,23.0,20.49,2024,7,26,"054a2d26-9efb-41aa-a5c3-67f4b7bedf8a"
21.6,12.1,16.7,1.2,5.0,17.1,19.16,2024,7,27,"17b1ab9d-8228-400f-8ff4-370d676f5a9c"
23.6,10.5,16.4,11.6,8.0,15.8,22.18,2024,7,28,"11482b38-bdca-4231-b4d1-9784561adc15"
24.1,13.5,17.4,12.9,7.0,16.3,25.7,2024,7,29,"7efe604c-9e67-4e4e-b379-bbaabd8f52fa"
22.4,13.3,16.7,17.7,9.0,13.0,23.41,2024,7,30,"e3a6aa7b-2dbb-4b01-b959-e2aaf967115a"
20.5,13.1,16.4,1.4,4.0,7.2,22.88,2024,7,31,"5d9e0357-5214-4f2b-967c-a28ae8cf2e33"
24.6,12.3,17.2,2.0,8.0,13.5,26.15,2024,8,1,"af585f8e-048e-43f6-973a-5dd1984c362c"
20.1,11.4,15.3,0.4,3.0,10.6,19.27,2024,8,2,"5d990261-9863-41e5-bcfb-6742826198ec"
23.3,11.7,15.5,8.4,4.0,14.8,23.88,2024,8,3,"c040367d-7f30-4c5b-863a-48b7defbc52e"
23.5,11.2,16.1,4.9,2.0,10.9,25.32,2024,8,4,"d98c54b6-af30-4890-baa8-fedb88059db3"
21.8,11.1,15.9,2.8,5.0,14.0,22.59,2024,8,5,"cae3d5f1-d9c9-4f03-b64c-926bf7e29919"
21.6,9.9,15.9,0.2,2.0,13.8,20.29,2024,8,6,"7b19ecb4-f8b5-4883-bd46-3c0f533c838e"
23.0,12.6,17.0,0.2,2.0,11.9,21.77,2024,8,7,"7d4402c4-9724-4def-a1e5-e9ec45487c26"
24.0,11.1,17.5,0.2,2.0,9.4,23.93,2024,8,8,"9ea6271c-ff3f-410b-9e5b-e4cdd6f6c0a8"
23.7,12.1,17.2,3.4,3.0,14.8,23.51,2024,8,9,"26bb2614-ffce-4074-adb3-fbaba6adef34"
21.2,11.8,16.0,4.3,5.0,13.7,21.21,2024,8,10,"bb477e0f-7e28-40a5-a949-7b3654e919e0"
21.7,12.4,16.2,4.5,12.0,21.5,17.12,2024,8,11,"43715dff-ac05-4911-9f62-5da94e62e2eb"
21.7,12.9,16.3,3.6,14.0,16.7,16.68,2024,8,12,"89656877-ae46-4cb9-88a7-1845f5b9d87d"
21.2,10.4,16.0,4.0,10.0,11.2,22.52,2024,8,13,"eaeccac7-4c70-4780-92d3-c5182077be8b"
23.1,12.6,16.8,15.5,11.0,12.6,23.61,2024,8,14,"400b00db-079d-4d9e-bc7d-edcb0b296fad"
24.4,13.5,17.2,3.6,14.0,15.8,24.42,2024,8,15,"b6d09ece-092c-42c6-b6e6-970379e40dec"
21.4,13.2,16.7,8.7,12.0,12.0,17.78,2024,8,16,"03abd306-7790-428d-9016-7dc9eeabf029"
22.2,13.0,16.7,13.2,11.0,9.7,20.62,2024,8,17,"e2a27f8a-c703-45e0-be61-59a66aaa2445"
24.2,13.2,17.1,10.4,11.0,12.7,25.11,2024,8,18,"0ab30f6a-c510-4c95-87fc-b4efac81a53c"
22.8,12.5,16.8,3.7,8.0,14.5,25.15,2024,8,19,"4783f987-b599-4c14-9e7b-04cb466d5e65"
24.2,12.4,17.1,1.5,3.0,13.5,25.98,2024,8,20,"a1feed01-6001-4be9-b95b-e70b9fd9b557"
24.6,12.1,16.6,5.0,7.0,18.1,25.12,2024,8,21,"16d626ee-8b98-4656-97a2-2dcc6792fbeb"
23.0,11.5,16.4,0.6,4.0,16.7,22.28,2024,8,22,"bfc204b6-c91c-4495-aed6-cfccc6386fba"
20.2,12.5,16.0,11.2,7.0,15.5,15.94,2024,8,23,"e59fcbe8-e59e-4c22-9a0b-4c940c878077"
21.9,12.6,16.6,6.3,6.0,13.5,24.75,2024,8,24,"61f2956c-6083-4df9-a02b-67493d958bf6"
24.0,11.5,16.9,0.2,2.0,10.5,25.57,2024,8,25,"338c3950-f564-46b3-9f6a-8c3c53725d93"
24.4,11.8,17.3,0.4,3.0,13.8,25.51,2024,8,26,"1ecf6f43-1d63-4fc3-86e3-8ca1e7f6711d"
23.0,11.6,16.2,8.5,11.0,12.7,19.71,2024,8,27,"d0f0df28-e73c-4a72-8bae-a2fd568906a9"
22.0,13.2,17.0,4.9,10.0,9.9,18.26,2024,8,28,"8dc0c507-c09c-49e7-86cc-05f0168d4357"
23.7,10.7,16.5,4.1,7.0,18.0,21.1,2024,8,29,"95bb6954-fc0f-48a8-825d-ddef28455efe"
22.5,13.0,17.1,9.2,8.0,18.8,20.71,2024,8,30,"b30d219e-285e-4576-8b69-e83b267f05e9"
22.7,12.0,17.1,2.6,7.0,12.0,23.88,2024,8,31,"8891ef89-d32c-4f79-9916-1c6ba072cc67"
21.2,13.9,16.8,5.4,13.0,9.2,21.64,2024,9,1,"b57cf4fa-45c5-41eb-8439-87afa38bdac3"
21.4,11.9,16.6,0.1,1.0,16.8,19.61,2024,9,2,"5a36fbd9-5300-448b-877d-449f1a23d775"
22.5,12.1,16.7,2.7,2.0,12.9,22.87,2024,9,3,"6d40fae8-b7e4-43be-880a-146493c69649"
21.9,12.2,17.0,1.2,7.0,9.7,22.6,2024,9,4,"c07a1d86-f78e-4708-b7fa-b16dc43682d0"
24.2,13.0,17.3,13.9,13.0,10.2,21.62,2024,9,5,"9007c0f9-061c-40a1-b23a-15bcdaea9cb3"
22.7,14.1,17.1,18.6,18.0,17.9,19.64,2024,9,6,"e67e0f38-b66d-42b6-8b8a-abe5ae289e05"
21.8,13.5,16.9,1.7,9.0,27.6,18.45,2024,9,7,"313f20b0-736e-4a38-9a6f-66ad71a4fa96"
21.9,12.7,16.2,0.6,4.0,16.0,15.68,2024,9,8,"62ce64db-a817-4f8a-8c3d-7b3731d3f26d"
20.6,10.6,15.6,1.4,3.0,13.9,16.15,2024,9,9,"e2548eb8-626d-4a93-b653-b55342e93efb"
20.8,13.6,16.8,3.4,7.0,12.0,12.68,2024,9,10,"f192232f-c9da-4733-b089-6f5c3f61c33d"
22.6,13.2,17.5,1.4,5.0,15.9,21.01,2024,9,11,"6804322e-20ff-43c6-b48c-d2811b328c27"
22.5,10.2,16.9,1.2,5.0,13.4,21.3,2024,9,12,"0ba2abc2-407d-4120-a9f7-1eda1578895e"
23.4,11.3,17.3,9.2,8.0,13.0,19.86,2024,9,13,"4df5c0d2-e28a-448d-ae75-acfa70d0f5d3"
22.7,12.7,17.6,0.2,2.0,12.5,19.95,2024,9,14,"c8023548-7355-42d9-b560-9303c16ea173"
23.8,11.6,17.6,3.2,2.0,18.8,21.39,2024,9,15,"5a06c8c3-c510-4bac-a751-e70c1f143872"
24.0,11.3,17.2,9.2,7.0,14.7,22.06,2024,9,16,"8618b5e0-b4bc-4d47-b435-c25b59050f7b"
23.2,11.9,17.5,1.3,6.0,11.6,20.15,2024,9,17,"3b00c197-7408-4229-8b8b-9000c09be4f8"
24.5,12.4,17.6,1.7,5.0,19.3,23.7,2024,9,18,"1787f6e7-8308-424d-8b9e-56f605f265a4"
23.4,12.2,17.4,2.8,5.0,13.2,23.7,2024,9,19,"d278ba49-ba40-47b0-a353-7e7cdcc5ca73"
25.2,13.4,18.1,1.6,7.0,16.7,24.1,2024,9,20,"53e96189-c398-45f4-b36f-36a8b7d351f6"
23.2,12.3,17.5,2.4,8.0,9.7,21.41,2024,9,21,"26313d60-83e7-4711-86ac-ae3f588b517b"
24.9,12.6,17.5,1.7,8.0,14.5,23.21,2024,9,22,"6da2396b-d4e5-42b5-aaad-d241e30243f4"
21.3,11.5,16.3,3.4,9.0,14.9,18.0,2024,9,23,"6c18ef49-71e7-430c-8bf3-e79081c04556"
19.0,12.9,15.2,1.9,11.0,8.4,9.32,2024,9,24,"2717572c-bd82-48d5-b0d2-3e52ae5cbda4"
20.4,12.8,15.9,7.5,11.0,17.4,14.22,2024,9,25,"f1536540-8308-4f45-a07f-0af906f6081f"
16.0,13.4,14.8,16.3,24.0,10.3,5.83,2024,9,26,"94c1f5e2-b537-454a-b940-5d1f5bc087f0"
18.8,13.0,14.8,29.7,23.0,26.5,9.53,2024,9,27,"59108835-c008-489f-acf5-4978b1a2f51a"
20.3,11.9,15.6,7.3,11.0,8.2,16.53,2024,9,28,"a6a6fa33-b838-401c-926c-0418cd12e625"
20.3,12.4,15.7,6.3,10.0,16.7,13.67,2024,9,29,"5dca37f0-40fb-4c99-a9e0-1ea66f996243"
20.6,11.5,15.4,6.6,6.0,11.3,17.56,2024,9,30,"9fbe3398-7c0d-43a9-87e9-9bbc593d76f1"
21.1,9.9,15.2,1.3,6.0,24.0,17.22,2024,10,1,"fa068386-236e-4d85-b476-5a80dc70c953"
21.1,9.9,15.2,1.3,6.0,24.0,17.22,2024,10,1,"2ea44296-5370-4a38-b2a3-97bdb1c83272"
19.2,11.6,14.7,0.4,4.0,25.8,10.85,2024,10,2,"5317ce84-62f8-4f12-a99f-528424253969"
22.3,7.8,14.7,0.0,0.0,13.0,21.67,2024,10,3,"65b098c2-7964-4cb9-a758-a85700803461"
20.0,10.0,14.8,8.8,11.0,15.8,16.15,2024,10,4,"97b18d1e-72fc-474b-a13f-d0902b7820f9"
19.9,11.9,15.5,6.6,10.0,12.5,13.31,2024,10,5,"9ac00084-faa8-45b6-b734-1b049142663c"
19.8,14.2,15.5,18.1,20.0,12.9,9.73,2024,10,6,"40b2f79f-8883-4c2d-90b5-4a3e37b960c5"
19.7,12.4,15.3,11.5,14.0,12.4,12.19,2024,10,7,"585a10de-9be3-414d-930c-0a34483f9a5a"
20.4,12.4,15.5,0.5,5.0,14.8,15.26,2024,10,8,"088e1224-afba-4543-a41e-bcd2eb368819"
21.6,10.3,15.2,1.3,10.0,17.2,18.06,2024,10,9,"ccfdaeb8-33c3-465d-ba5b-13e3918d381a"
21.5,5.7,12.9,0.0,0.0,20.0,25.65,2024,10,10,"47b7b5b9-5122-42e1-b979-d9f23bdeae7c"
20.1,4.5,11.9,0.0,0.0,19.6,25.54,2024,10,11,"b0903f74-9282-4a1c-8128-3ca88b428e65"
18.9,5.8,12.2,0.0,0.0,11.7,22.39,2024,10,12,"f904e97c-55fe-4108-9fdb-70e9785d4972"
19.2,7.3,13.3,0.0,0.0,9.3,18.28,2024,10,13,"e40d6a46-3f7f-4563-8a28-35fa1a356f44"
21.6,10.0,15.2,0.0,0.0,10.0,19.21,2024,10,14,"35dd56d7-85ab-4e21-9f9b-e9a1c0ea2c91"
22.7,10.8,15.7,0.1,1.0,7.6,20.89,2024,10,15,"9120d4e5-f231-4e78-9cf4-d85bd47ef271"
23.1,9.0,15.2,0.0,0.0,26.5,23.4,2024,10,16,"a997f30a-3d15-447d-960f-669a9304e017"
21.6,8.8,14.4,0.1,1.0,13.5,21.91,2024,10,17,"e0268d73-e67c-4ff3-a8f7-79e03d332e8b"
20.9,9.9,14.5,0.0,0.0,10.3,21.03,2024,10,18,"005efd8b-8142-4278-8100-db04d61dac5b"
22.2,9.7,15.2,0.5,5.0,15.5,19.79,2024,10,19,"51fa87a3-4523-4d1d-b446-57c7ceaa6bd3"
18.6,9.0,13.9,1.7,3.0,28.6,7.46,2024,10,20,"934df12e-7fd1-4bbd-b965-c5ebad052db9"
18.3,13.0,14.9,23.9,24.0,16.0,6.19,2024,10,21,"0a282547-5f82-45f2-b408-c2fa9fe4689d"
23.3,12.2,16.3,0.9,5.0,19.3,20.83,2024,10,22,"6e7587f3-d42a-4f72-9d8f-29dae34b5020"
22.1,10.0,14.9,0.0,0.0,11.9,22.35,2024,10,23,"e9f8c6b0-16ef-445b-a88f-6da714158a20"
20.9,9.0,14.4,0.3,3.0,10.4,21.06,2024,10,24,"b3baa092-0146-4ff7-967c-92a9046d4ecf"
21.9,8.7,14.2,0.0,0.0,17.8,23.09,2024,10,25,"218a74ab-3f34-472e-8878-3669d49c2246"
21.3,10.5,14.5,0.1,1.0,11.8,16.08,2024,10,26,"c20bb00b-c42a-4231-a0c4-a767e89b318b"
20.7,9.4,14.4,0.7,2.0,14.2,16.7,2024,10,27,"d0cab593-cbbc-46c7-a116-6c1795b2c4d6"
19.9,10.0,14.0,0.9,3.0,14.6,16.98,2024,10,28,"c2c4d63d-981c-456d-b63f-30a5d4123001"
20.1,9.5,14.5,0.5,2.0,9.8,17.59,2024,10,29,"d0f1e5dc-bff6-4ed3-ba56-8fb1a575a4d9"
23.1,9.8,16.0,0.0,0.0,9.7,20.39,2024,10,30,"c57e9b7e-f15a-4d9f-b849-9f57415fc8d4"
23.9,10.9,16.8,0.0,0.0,12.1,18.96,2024,10,31,"16ad825d-2fe5-4a74-86f7-26c1ddb67d16"
21.1,9.3,15.2,0.2,2.0,13.0,19.13,2024,11,1,"d35b1227-7a1c-4fb3-9b40-dc15f7ea1d50"
20.9,11.2,15.7,0.0,0.0,9.4,17.28,2024,11,2,"5b0895ca-ac05-4f42-b595-5feeaa9c635c"
22.9,9.6,16.0,0.5,3.0,11.2,18.65,2024,11,3,"c6057c16-dab3-45f3-b4f5-f2c3ec2b00db"
22.6,9.4,16.0,0.2,2.0,15.4,21.04,2024,11,4,"7e29561f-f1e1-4e00-8fb3-634088c7336f"
24.2,9.2,16.1,0.0,0.0,16.9,20.43,2024,11,5,"09da27d3-9c35-4e49-a8f3-a56211629172"
24.9,8.5,16.3,0.1,1.0,14.3,20.79,2024,11,6,"c9216581-ff8f-4bbe-abfc-55c0a9b5f78e"
26.0,9.3,17.2,0.0,0.0,17.7,21.87,2024,11,7,"e0f71f83-b237-4ad5-8945-eb0af348f3c9"
26.2,9.0,17.2,0.0,0.0,19.5,21.95,2024,11,8,"622f8c9b-c8b3-4c03-bba4-dc65bf44aab2"
26.6,8.0,16.1,0.0,0.0,14.1,22.65,2024,11,9,"7c53c0c8-6dff-4386-928a-eec081b19ff5"
26.5,6.9,15.7,0.0,0.0,14.6,21.69,2024,11,10,"d074a322-fa7b-4d6c-8e65-bdf07a1207d0"
26.1,7.8,15.2,0.0,0.0,14.8,21.78,2024,11,11,"5e0e6be7-8f0f-442c-a0b8-9fed2c3d389e"
25.4,9.3,16.7,0.0,0.0,13.2,21.49,2024,11,12,"f104b7b9-d33d-44b5-b76f-d40e2f5d05e1"
26.2,9.2,17.0,0.0,0.0,15.6,22.05,2024,11,13,"dbfbc1df-af92-4620-85b8-5d2462ab6602"
23.2,7.2,14.4,0.0,0.0,18.6,21.65,2024,11,14,"7c1f1b8b-527c-4f15-946b-efc5e0b2f752"
23.6,8.3,14.9,0.0,0.0,18.2,19.38,2024,11,15,"7b3d7d7b-405b-4f07-90fa-d5df083127fa"
25.0,9.6,16.4,0.0,0.0,13.2,20.69,2024,11,16,"2110c538-8a94-4809-9889-63bb60f812af"
24.5,10.0,16.8,0.0,0.0,16.6,19.84,2024,11,17,"7d9143c1-191b-4052-aa25-81ad61b83b4d"
25.4,9.8,16.8,0.0,0.0,18.3,21.4,2024,11,18,"7c082170-8493-479f-9e72-d523cc6e6698"
24.3,10.8,17.3,0.0,0.0,18.6,18.63,2024,11,19,"96bf95a8-5673-45d2-aaa1-41bbdad68315"
22.7,10.7,15.9,3.0,10.0,20.4,14.55,2024,11,20,"0390d21a-2552-462b-9e9b-896444bfc5b2"
21.3,8.5,14.1,0.0,0.0,8.5,17.77,2024,11,21,"97cb73c4-3630-473d-8087-09190d6e0aee"
21.4,7.0,13.9,0.0,0.0,9.8,21.74,2024,11,22,"e55c8f01-622b-451b-824c-1442f7f7a9a7"
22.4,4.3,13.5,0.0,0.0,9.6,21.51,2024,11,23,"baca512b-5b7d-447a-adc9-e6d3a14b0a70"
23.4,3.2,13.6,0.0,0.0,12.5,21.66,2024,11,24,"a94ee5dc-43dc-46ac-ad1f-2fa23fd075e9"
24.6,3.6,13.2,0.0,0.0,16.7,21.79,2024,11,25,"2f50885c-e54c-47d5-91c0-0ee9cfeb8c9e"
24.7,5.1,13.6,0.0,0.0,14.2,21.77,2024,11,26,"a9517286-4a74-45f3-87ee-3415a52d6f6a"
26.3,6.4,15.1,0.0,0.0,10.9,21.19,2024,11,27,"ee651ffe-518b-4b5c-9fe8-cc09ef263114"
26.1,5.7,14.9,0.0,0.0,14.0,21.32,2024,11,28,"571a4fc5-ea94-42aa-b9ce-040d28e890e5"
25.1,7.9,15.6,0.0,0.0,7.3,20.83,2024,11,29,"cfae4a51-1fdd-41bb-9b47-ea643c33aacb"
24.9,6.9,15.5,0.0,0.0,18.0,20.96,2024,11,30,"e1ba8b21-6305-407c-82a9-41cc6b83fdcc"
25.0,7.0,15.0,0.0,0.0,11.0,20.91,2024,12,1,"36c2c160-6269-4349-bec5-79866618d13c"
25.0,7.0,15.0,0.0,0.0,11.0,20.91,2024,12,1,"6ea6c5e7-cbe7-4112-8677-3ad4825224cf"
23.4,6.4,14.5,0.0,0.0,8.2,20.89,2024,12,2,"bebbd9b3-2df1-4166-84a3-201b57da9b6d"
22.8,6.2,13.8,0.0,0.0,18.4,20.67,2024,12,3,"a6a0ea05-2808-4ded-bc03-3c4de2d92696"
23.4,7.1,14.9,0.0,0.0,13.4,18.36,2024,12,4,"474cdd69-6a2c-43f3-a4f0-3c2408910b1c"
23.7,8.9,16.0,0.0,0.0,14.3,18.42,2024,12,5,"f70d08f6-8837-4836-9a75-e4458607a18c"
22.4,9.4,15.6,0.0,0.0,12.0,17.66,2024,12,6,"2a60877d-0897-4d4b-bf3f-d01024841ad9"
23.0,9.6,15.4,0.0,0.0,18.2,18.9,2024,12,7,"7bbb97a0-f1e2-4178-b000-7f4b89b37d60"
23.7,7.2,14.9,0.0,0.0,15.5,20.13,2024,12,8,"24fe91a2-b221-412d-a86a-dd4e9551fc1d"
23.9,8.7,16.1,0.0,0.0,8.8,18.97,2024,12,9,"c43c6834-4155-4032-84a8-62d1c0e3eec4"
25.1,9.1,16.6,0.0,0.0,13.9,19.2,2024,12,10,"a9c32587-f277-48c6-af25-ff034fb7d013"
21.1,10.7,15.1,0.0,0.0,18.2,16.48,2024,12,11,"b999404e-652e-4467-bcae-dfe8cf93364f"
23.2,6.3,14.7,0.0,0.0,14.2,18.84,2024,12,12,"2a199394-29be-4f75-bed4-d012f7871759"
25.1,8.6,16.4,0.0,0.0,18.2,19.54,2024,12,13,"f2611230-b711-45c9-a757-8d3934def445"
25.7,8.2,15.8,0.0,0.0,11.5,20.19,2024,12,14,"344836bf-bb85-4e6f-b623-2cef8a9d37a7"
23.5,7.3,15.0,0.0,0.0,14.1,19.58,2024,12,15,"39184ec0-a35c-46b6-acc3-3a5c9f275175"
23.1,6.5,14.6,0.0,0.0,19.5,19.8,2024,12,16,"d7a79853-8430-4780-8cf2-c0de09961368"
20.7,5.6,12.9,0.0,0.0,13.8,18.42,2024,12,17,"2337c069-a7af-4d26-a9d5-0a8b36fa5c8c"
21.1,9.2,14.1,0.0,0.0,12.1,16.69,2024,12,18,"d6bc9e16-f8e5-4eed-baf9-ef6daabc09c9"
20.8,8.1,14.4,0.0,0.0,16.6,15.07,2024,12,19,"d92d1259-3e80-4fbd-b621-f7cc52c679ca"
20.7,9.5,14.2,0.0,0.0,11.7,15.4,2024,12,20,"c7fa3ed9-9eab-4a1a-a028-7653494ce7c1"
19.5,10.4,14.2,0.3,3.0,18.4,14.52,2024,12,21,"fed60b89-7fad-438e-b2f6-68e8a627df48"
18.0,9.5,12.2,6.5,8.0,6.0,14.57,2024,12,22,"a6ab318b-41e5-4fa9-9086-9d7e53fc67e9"
17.6,6.6,11.6,0.0,0.0,10.1,12.11,2024,12,23,"712634ce-3e63-4887-8b49-78fa118d80ec"
17.9,8.4,12.4,0.0,0.0,11.0,12.98,2024,12,24,"79393bfa-9739-4223-b2c4-62fec0badf9d"
18.9,5.9,11.7,0.3,1.0,16.3,18.51,2024,12,25,"2cdf5644-dd81-41af-bbc6-177b3bcf454c"
19.5,5.4,11.4,0.0,0.0,14.2,19.96,2024,12,26,"022be529-a535-4bed-aa52-6ad906712c57"
22.3,5.6,12.3,0.0,0.0,14.4,20.3,2024,12,27,"8943f827-e29d-4169-8103-95d155ee7d0b"
22.7,5.0,12.8,0.0,0.0,12.6,20.34,2024,12,28,"f130f10d-d35b-4825-b2ea-95223ee30d1a"
21.8,5.5,12.8,0.0,0.0,5.9,20.36,2024,12,29,"172b2dbd-7d14-4caa-9867-d888b1a006c4"
22.9,6.0,13.4,0.0,0.0,10.4,20.59,2024,12,30,"16153ed6-3eb5-44f2-8329-3e51d74aa8f7"
22.4,5.7,13.4,0.0,0.0,8.6,20.45,2024,12,31,"2bbee715-facf-47da-ab9c-8dc5a6627849"
